Position,Name + ID,Name,ID,Roster Position,Salary,Game Info,TeamAbbrev,AvgPointsPerGame,Proj,Ownership,StDev,Team1,Team2,Opponent
WR,Cooper Kupp (30330870),Cooper Kupp,30330870,WR/FLEX,9500,PIT@LAR 10/22/2023 04:05PM ET,LAR,26.8,21.48,19.11,13.205,PIT,LAR,PIT
WR,Stefon Diggs (30330872),Stefon Diggs,30330872,WR/FLEX,8900,BUF@NE 10/22/2023 01:00PM ET,BUF,25.83,20.40333333,15.73333333,14.255,BUF,NE,NE
RB,Austin Ekeler (30330644),Austin Ekeler,30330644,RB/FLEX,8600,LAC@KC 10/22/2023 04:25PM ET,LAC,19.8,17.64,9.446666667,10.465,LAC,KC,KC
WR,Keenan Allen (30330874),Keenan Allen,30330874,WR/FLEX,8600,LAC@KC 10/22/2023 04:25PM ET,LAC,26.09,20.36,17.85,11.755,LAC,KC,KC
QB,Patrick Mahomes (30330579),Patrick Mahomes,30330579,QB,8300,LAC@KC 10/22/2023 04:25PM ET,KC,21.2,23.42666667,10.32666667,9.655,LAC,KC,LAC
WR,Davante Adams (30330876),Davante Adams,30330876,WR/FLEX,8200,LV@CHI 10/22/2023 01:00PM ET,LV,17.85,17.11,8.436666667,13.09,LV,CHI,CHI
QB,Josh Allen (30330580),Josh Allen,30330580,QB,8200,BUF@NE 10/22/2023 01:00PM ET,BUF,24.19,20.67666667,5.86,10.36,BUF,NE,NE
RB,Saquon Barkley (30330646),Saquon Barkley,30330646,RB/FLEX,8100,WAS@NYG 10/22/2023 01:00PM ET,NYG,16.77,15.70666667,4.82,10.81,WAS,NYG,WAS
WR,Amon-Ra St. Brown (30330878),Amon-Ra St. Brown,30330878,WR/FLEX,8000,DET@BAL 10/22/2023 01:00PM ET,DET,21.98,17.87,12.73333333,12.57,DET,BAL,BAL
QB,Justin Herbert (30330581),Justin Herbert,30330581,QB,8000,LAC@KC 10/22/2023 04:25PM ET,LAC,24.58,19.24333333,3.123333333,8.885,LAC,KC,KC
TE,Travis Kelce (30331244),Travis Kelce,30331244,TE/FLEX,8000,LAC@KC 10/22/2023 04:25PM ET,KC,18.32,18.78,17.64,14.015,LAC,KC,LAC
QB,Lamar Jackson (30330582),Lamar Jackson,30330582,QB,7600,DET@BAL 10/22/2023 01:00PM ET,BAL,20.47,21.08,9.626666667,10.575,DET,BAL,DET
WR,Puka Nacua (30330880),Puka Nacua,30330880,WR/FLEX,7600,PIT@LAR 10/22/2023 04:05PM ET,LAR,21.87,16.53666667,12.30333333,13.17,PIT,LAR,PIT
RB,Josh Jacobs (30330648),Josh Jacobs,30330648,RB/FLEX,7400,LV@CHI 10/22/2023 01:00PM ET,LV,14.85,18.26666667,22.73,11.395,LV,CHI,CHI
RB,Bijan Robinson (30330650),Bijan Robinson,30330650,RB/FLEX,7300,ATL@TB 10/22/2023 01:00PM ET,ATL,17,15.43333333,13.45,10.095,ATL,TB,TB
RB,David Montgomery (30330652),David Montgomery,30330652,RB/FLEX,7200,DET@BAL 10/22/2023 01:00PM ET,DET,18.42,0,0,0,DET,BAL,BAL
WR,Mike Evans (30330882),Mike Evans,30330882,WR/FLEX,7100,ATL@TB 10/22/2023 01:00PM ET,TB,16.72,15.92333333,9.51,13.195,ATL,TB,ATL
RB,Kyren Williams (30330654),Kyren Williams,30330654,RB/FLEX,7100,PIT@LAR 10/22/2023 04:05PM ET,LAR,19.52,0,0,0,PIT,LAR,PIT
QB,Justin Fields (30330583),Justin Fields,30330583,QB,7000,LV@CHI 10/22/2023 01:00PM ET,CHI,19.46,0,0,0,LV,CHI,LV
RB,Kenneth Walker III (30330656),Kenneth Walker III,30330656,RB/FLEX,7000,ARI@SEA 10/22/2023 04:05PM ET,SEA,18.3,18.02333333,25.21,12.09,ARI,SEA,ARI
WR,Chris Godwin (30330884),Chris Godwin,30330884,WR/FLEX,6900,ATL@TB 10/22/2023 01:00PM ET,TB,13.04,13.67666667,4.25,10.495,ATL,TB,ATL
WR,DK Metcalf (30330886),DK Metcalf,30330886,WR/FLEX,6800,ARI@SEA 10/22/2023 04:05PM ET,SEA,14.14,14.40666667,9.263333333,12.025,ARI,SEA,ARI
RB,Aaron Jones (30330658),Aaron Jones,30330658,RB/FLEX,6800,GB@DEN 10/22/2023 04:25PM ET,GB,14.55,14.04,6.46,12.775,GB,DEN,DEN
WR,Michael Pittman Jr. (30330888),Michael Pittman Jr.,30330888,WR/FLEX,6600,CLE@IND 10/22/2023 01:00PM ET,IND,15.27,14.42333333,9.706666667,11.965,CLE,IND,CLE
WR,DJ Moore (30330890),DJ Moore,30330890,WR/FLEX,6500,LV@CHI 10/22/2023 01:00PM ET,CHI,21.53,12.33333333,5.95,11.13,LV,CHI,LV
RB,Jonathan Taylor (30330660),Jonathan Taylor,30330660,RB/FLEX,6500,CLE@IND 10/22/2023 01:00PM ET,IND,7.95,12.73,4.39,9.99,CLE,IND,CLE
QB,Matthew Stafford (30330584),Matthew Stafford,30330584,QB,6500,PIT@LAR 10/22/2023 04:05PM ET,LAR,16.7,17.85666667,5.783333333,8.685,PIT,LAR,PIT
QB,Jared Goff (30330585),Jared Goff,30330585,QB,6400,DET@BAL 10/22/2023 01:00PM ET,DET,20.87,16.50333333,1.946666667,8.73,DET,BAL,BAL
RB,James Cook (30330662),James Cook,30330662,RB/FLEX,6400,BUF@NE 10/22/2023 01:00PM ET,BUF,12.22,12.7,6.62,9.32,BUF,NE,NE
RB,Jahmyr Gibbs (30330664),Jahmyr Gibbs,30330664,RB/FLEX,6300,DET@BAL 10/22/2023 01:00PM ET,DET,9.72,14.73,16.41333333,10.54,DET,BAL,BAL
WR,Jakobi Meyers (30330892),Jakobi Meyers,30330892,WR/FLEX,6200,LV@CHI 10/22/2023 01:00PM ET,LV,17.5,13.36333333,7.636666667,10.81,LV,CHI,CHI
RB,Zack Moss (30330666),Zack Moss,30330666,RB/FLEX,6200,CLE@IND 10/22/2023 01:00PM ET,IND,21.92,9.723333333,1.126666667,7.92,CLE,IND,CLE
WR,Amari Cooper (30330894),Amari Cooper,30330894,WR/FLEX,6100,CLE@IND 10/22/2023 01:00PM ET,CLE,14.14,13.28333333,6.19,14.2,CLE,IND,IND
RB,Isiah Pacheco (30330668),Isiah Pacheco,30330668,RB/FLEX,6100,LAC@KC 10/22/2023 04:25PM ET,KC,15.03,15.53666667,21.09666667,10.785,LAC,KC,LAC
QB,Geno Smith (30330586),Geno Smith,30330586,QB,6000,ARI@SEA 10/22/2023 04:05PM ET,SEA,15.35,18.57,10.26666667,9,ARI,SEA,ARI
WR,Tyler Lockett (30330896),Tyler Lockett,30330896,WR/FLEX,6000,ARI@SEA 10/22/2023 04:05PM ET,SEA,12.42,14.19333333,12.01333333,12.015,ARI,SEA,ARI
WR,Gabe Davis (30330898),Gabe Davis,30330898,WR/FLEX,5900,BUF@NE 10/22/2023 01:00PM ET,BUF,13.48,9.98,1.49,11.15,BUF,NE,NE
QB,Kyler Murray (30330587),Kyler Murray,30330587,QB,5900,ARI@SEA 10/22/2023 04:05PM ET,ARI,0,0,0,0,ARI,SEA,SEA
RB,Brian Robinson Jr. (30330670),Brian Robinson Jr.,30330670,RB/FLEX,5800,WAS@NYG 10/22/2023 01:00PM ET,WAS,14.08,12.46666667,9.823333333,10.475,WAS,NYG,NYG
QB,Jordan Love (30330588),Jordan Love,30330588,QB,5800,GB@DEN 10/22/2023 04:25PM ET,GB,19.24,17.59666667,7.903333333,9.625,GB,DEN,DEN
WR,Jerry Jeudy (30330900),Jerry Jeudy,30330900,WR/FLEX,5800,GB@DEN 10/22/2023 04:25PM ET,DEN,8.44,11.55666667,2.89,11.54,GB,DEN,GB
WR,Zay Flowers (30330902),Zay Flowers,30330902,WR/FLEX,5700,DET@BAL 10/22/2023 01:00PM ET,BAL,13.15,14.21666667,19.54333333,10.885,DET,BAL,DET
TE,Mark Andrews (30331246),Mark Andrews,30331246,TE/FLEX,5700,DET@BAL 10/22/2023 01:00PM ET,BAL,14.28,13.21333333,12.83333333,11.175,DET,BAL,DET
QB,Deshaun Watson (30330589),Deshaun Watson,30330589,QB,5700,CLE@IND 10/22/2023 01:00PM ET,CLE,19.14,0,0,0,CLE,IND,IND
RB,Rhamondre Stevenson (30330672),Rhamondre Stevenson,30330672,RB/FLEX,5600,BUF@NE 10/22/2023 01:00PM ET,NE,10.58,11.92,9.62,8.17,BUF,NE,BUF
QB,Daniel Jones (30330590),Daniel Jones,30330590,QB,5600,WAS@NYG 10/22/2023 01:00PM ET,NYG,13.01,16.85,5.38,9.415,WAS,NYG,WAS
WR,Christian Watson (30330904),Christian Watson,30330904,WR/FLEX,5600,GB@DEN 10/22/2023 04:25PM ET,GB,11.05,12.91666667,12.17666667,13.175,GB,DEN,DEN
QB,Sam Howell (30330591),Sam Howell,30330591,QB,5500,WAS@NYG 10/22/2023 01:00PM ET,WAS,18.4,17.05666667,6.686666667,9.155,WAS,NYG,NYG
WR,George Pickens (30330906),George Pickens,30330906,WR/FLEX,5500,PIT@LAR 10/22/2023 04:05PM ET,PIT,16.18,11.11333333,4.51,10.045,PIT,LAR,LAR
WR,Terry McLaurin (30330908),Terry McLaurin,30330908,WR/FLEX,5400,WAS@NYG 10/22/2023 01:00PM ET,WAS,12.87,13.24,14.61,11.585,WAS,NYG,NYG
QB,Russell Wilson (30330592),Russell Wilson,30330592,QB,5400,GB@DEN 10/22/2023 04:25PM ET,DEN,19.2,17.21,5.98,8.97,GB,DEN,GB
RB,Javonte Williams (30330674),Javonte Williams,30330674,RB/FLEX,5400,GB@DEN 10/22/2023 04:25PM ET,DEN,7.42,10.99666667,3.363333333,9.51,GB,DEN,GB
TE,Sam LaPorta (30331248),Sam LaPorta,30331248,TE/FLEX,5300,DET@BAL 10/22/2023 01:00PM ET,DET,13.25,11.87333333,8.21,9.94,DET,BAL,BAL
QB,Baker Mayfield (30330593),Baker Mayfield,30330593,QB,5300,ATL@TB 10/22/2023 01:00PM ET,TB,16.04,16.92666667,6.793333333,8.62,ATL,TB,ATL
QB,Joshua Dobbs (30330594),Joshua Dobbs,30330594,QB,5300,ARI@SEA 10/22/2023 04:05PM ET,ARI,15.42,15.64666667,3.63,8.2,ARI,SEA,SEA
WR,Marquise Brown (30330910),Marquise Brown,30330910,WR/FLEX,5300,ARI@SEA 10/22/2023 04:05PM ET,ARI,13.88,13.86,17.23333333,11.09,ARI,SEA,SEA
RB,AJ Dillon (30330676),AJ Dillon,30330676,RB/FLEX,5300,GB@DEN 10/22/2023 04:25PM ET,GB,6.18,8.46,0.383333333,11.455,GB,DEN,DEN
QB,Jimmy Garoppolo (30330595),Jimmy Garoppolo,30330595,QB,5200,LV@CHI 10/22/2023 01:00PM ET,LV,14.17,0,0,0,LV,CHI,CHI
QB,Gardner Minshew II (30330597),Gardner Minshew II,30330597,QB,5200,CLE@IND 10/22/2023 01:00PM ET,IND,7.85,13.65,0.976666667,7.955,CLE,IND,CLE
QB,Desmond Ridder (30330596),Desmond Ridder,30330596,QB,5200,ATL@TB 10/22/2023 01:00PM ET,ATL,16.52,13.18,1.743333333,7.73,ATL,TB,TB
RB,Najee Harris (30330680),Najee Harris,30330680,RB/FLEX,5200,PIT@LAR 10/22/2023 04:05PM ET,PIT,6.68,10.87666667,3.093333333,12.18,PIT,LAR,LAR
WR,Courtland Sutton (30330912),Courtland Sutton,30330912,WR/FLEX,5200,GB@DEN 10/22/2023 04:25PM ET,DEN,12.42,11.78666667,6.213333333,11.68,GB,DEN,GB
RB,Joshua Kelley (30330678),Joshua Kelley,30330678,RB/FLEX,5200,LAC@KC 10/22/2023 04:25PM ET,LAC,5.92,4.02,0.063333333,5.6,LAC,KC,KC
RB,Jerome Ford (30330682),Jerome Ford,30330682,RB/FLEX,5100,CLE@IND 10/22/2023 01:00PM ET,CLE,13.88,13.28,14.52333333,10.56,CLE,IND,IND
QB,Tyrod Taylor (30330598),Tyrod Taylor,30330598,QB,5100,WAS@NYG 10/22/2023 01:00PM ET,NYG,3.14,0,0,0,WAS,NYG,WAS
RB,Rachaad White (30330684),Rachaad White,30330684,RB/FLEX,5100,ATL@TB 10/22/2023 01:00PM ET,TB,10.8,12.59,18.02,9.055,ATL,TB,ATL
WR,Drake London (30330914),Drake London,30330914,WR/FLEX,5100,ATL@TB 10/22/2023 01:00PM ET,ATL,12.46,10.95333333,9.673333333,9.23,ATL,TB,TB
RB,Kareem Hunt (30330690),Kareem Hunt,30330690,RB/FLEX,5000,CLE@IND 10/22/2023 01:00PM ET,CLE,7.6,9.623333333,1.733333333,10,CLE,IND,IND
TE,Darren Waller (30331250),Darren Waller,30331250,TE/FLEX,5000,WAS@NYG 10/22/2023 01:00PM ET,NYG,9.37,9.9,3.48,9.5,WAS,NYG,WAS
QB,Kenny Pickett (30330599),Kenny Pickett,30330599,QB,5000,PIT@LAR 10/22/2023 04:05PM ET,PIT,11.66,15.56,3.71,8.53,PIT,LAR,LAR
RB,Jaylen Warren (30330686),Jaylen Warren,30330686,RB/FLEX,5000,PIT@LAR 10/22/2023 04:05PM ET,PIT,10,11.09666667,5.186666667,7.865,PIT,LAR,LAR
WR,Diontae Johnson (30330916),Diontae Johnson,30330916,WR/FLEX,5000,PIT@LAR 10/22/2023 04:05PM ET,PIT,7.8,10.69,4.83,11.35,PIT,LAR,LAR
RB,Jaleel McLaughlin (30330688),Jaleel McLaughlin,30330688,RB/FLEX,5000,GB@DEN 10/22/2023 04:25PM ET,DEN,8.63,8.48,0.703333333,9.04,GB,DEN,GB
RB,Craig Reynolds (30330694),Craig Reynolds,30330694,RB/FLEX,4900,DET@BAL 10/22/2023 01:00PM ET,DET,3.42,5.993333333,0.66,5.505,DET,BAL,BAL
QB,Brian Hoyer (30330601),Brian Hoyer,30330601,QB,4900,LV@CHI 10/22/2023 01:00PM ET,LV,1.89,5.616666667,3.886666667,5.055,LV,CHI,CHI
QB,Tyson Bagent (30330602),Tyson Bagent,30330602,QB,4900,LV@CHI 10/22/2023 01:00PM ET,CHI,7.72,12.15666667,0.936666667,7.695,LV,CHI,LV
QB,Mac Jones (30330600),Mac Jones,30330600,QB,4900,BUF@NE 10/22/2023 01:00PM ET,NE,11.37,12.56666667,0.813333333,6.96,BUF,NE,BUF
RB,Keaontay Ingram (30330692),Keaontay Ingram,30330692,RB/FLEX,4900,ARI@SEA 10/22/2023 04:05PM ET,ARI,2.6,7.44,0.61,7.48,ARI,SEA,SEA
WR,Romeo Doubs (30330918),Romeo Doubs,30330918,WR/FLEX,4900,GB@DEN 10/22/2023 04:25PM ET,GB,12.36,10.49666667,3.533333333,11.675,GB,DEN,DEN
RB,Gus Edwards (30330698),Gus Edwards,30330698,RB/FLEX,4800,DET@BAL 10/22/2023 01:00PM ET,BAL,6.75,9.386666667,2.206666667,9.165,DET,BAL,DET
RB,D'Onta Foreman (30330704),D'Onta Foreman,30330704,RB/FLEX,4800,LV@CHI 10/22/2023 01:00PM ET,CHI,6.05,8.556666667,3.996666667,6.64,LV,CHI,LV
QB,P.J. Walker (30330606),P.J. Walker,30330606,QB,4800,CLE@IND 10/22/2023 01:00PM ET,CLE,5.78,14.94666667,2.803333333,8.675,CLE,IND,IND
QB,Malik Cunningham (30330605),Malik Cunningham,30330605,QB,4800,BUF@NE 10/22/2023 01:00PM ET,NE,0,0.433333333,0,1.1,BUF,NE,BUF
RB,Ezekiel Elliott (30330700),Ezekiel Elliott,30330700,RB/FLEX,4800,BUF@NE 10/22/2023 01:00PM ET,NE,7.2,7.34,0.493333333,7.065,BUF,NE,BUF
RB,Matt Breida (30330696),Matt Breida,30330696,RB/FLEX,4800,WAS@NYG 10/22/2023 01:00PM ET,NYG,5.07,2.666666667,0.043333333,4.555,WAS,NYG,WAS
QB,Mitch Trubisky (30330603),Mitch Trubisky,30330603,QB,4800,PIT@LAR 10/22/2023 04:05PM ET,PIT,0.72,0,0,0,PIT,LAR,LAR
RB,Emari Demercado (30330702),Emari Demercado,30330702,RB/FLEX,4800,ARI@SEA 10/22/2023 04:05PM ET,ARI,3.92,4.593333333,0.04,6.075,ARI,SEA,SEA
QB,Easton Stick (30330604),Easton Stick,30330604,QB,4800,LAC@KC 10/22/2023 04:25PM ET,LAC,0,0,0,0,LAC,KC,KC
WR,Joshua Palmer (30330920),Joshua Palmer,30330920,WR/FLEX,4800,LAC@KC 10/22/2023 04:25PM ET,LAC,8.4,12.45333333,17.96666667,10.37,LAC,KC,KC
QB,Tyler Huntley (30330610),Tyler Huntley,30330610,QB,4700,DET@BAL 10/22/2023 01:00PM ET,BAL,0.8,0,0,0,DET,BAL,DET
QB,Teddy Bridgewater (30330612),Teddy Bridgewater,30330612,QB,4700,DET@BAL 10/22/2023 01:00PM ET,DET,-0.2,0,0,0,DET,BAL,BAL
QB,Aidan O'Connell (30330607),Aidan O'Connell,30330607,QB,4700,LV@CHI 10/22/2023 01:00PM ET,LV,12.82,9.646666667,2.2,4.25,LV,CHI,CHI
RB,Zamir White (30330708),Zamir White,30330708,RB/FLEX,4700,LV@CHI 10/22/2023 01:00PM ET,LV,1.22,2.46,0.013333333,8.205,LV,CHI,CHI
QB,Dorian Thompson-Robinson (30330609),Dorian Thompson-Robinson,30330609,QB,4700,CLE@IND 10/22/2023 01:00PM ET,CLE,2.12,0,0,0,CLE,IND,IND
RB,Antonio Gibson (30330706),Antonio Gibson,30330706,RB/FLEX,4700,WAS@NYG 10/22/2023 01:00PM ET,WAS,6.2,6.443333333,0.17,6.815,WAS,NYG,NYG
QB,Brett Rypien (30330611),Brett Rypien,30330611,QB,4700,PIT@LAR 10/22/2023 04:05PM ET,LAR,0,0,0,0,PIT,LAR,PIT
QB,Drew Lock (30330608),Drew Lock,30330608,QB,4700,ARI@SEA 10/22/2023 04:05PM ET,SEA,3.62,0,0,0,ARI,SEA,ARI
RB,Jerick McKinnon (30330710),Jerick McKinnon,30330710,RB/FLEX,4700,LAC@KC 10/22/2023 04:25PM ET,KC,5.87,5.896666667,0.15,7.495,LAC,KC,LAC
WR,Rashee Rice (30330922),Rashee Rice,30330922,WR/FLEX,4700,LAC@KC 10/22/2023 04:25PM ET,KC,9.53,9.446666667,3.796666667,8.49,LAC,KC,LAC
RB,Justice Hill (30330714),Justice Hill,30330714,RB/FLEX,4600,DET@BAL 10/22/2023 01:00PM ET,BAL,8.9,7.283333333,0.466666667,6.965,DET,BAL,DET
RB,Roschon Johnson (30330712),Roschon Johnson,30330712,RB/FLEX,4600,LV@CHI 10/22/2023 01:00PM ET,CHI,7,10.49333333,12.22333333,8.955,LV,CHI,LV
QB,Sam Ehlinger (30330618),Sam Ehlinger,30330618,QB,4600,CLE@IND 10/22/2023 01:00PM ET,IND,0,0,0,0,CLE,IND,CLE
QB,Kyle Allen (30330616),Kyle Allen,30330616,QB,4600,BUF@NE 10/22/2023 01:00PM ET,BUF,-0.18,0,0,0,BUF,NE,NE
QB,Jacoby Brissett (30330615),Jacoby Brissett,30330615,QB,4600,WAS@NYG 10/22/2023 01:00PM ET,WAS,0,0,0,0,WAS,NYG,NYG
WR,Jahan Dotson (30330924),Jahan Dotson,30330924,WR/FLEX,4600,WAS@NYG 10/22/2023 01:00PM ET,WAS,6.17,9.083333333,1.823333333,9.38,WAS,NYG,NYG
QB,Taylor Heinicke (30330614),Taylor Heinicke,30330614,QB,4600,ATL@TB 10/22/2023 01:00PM ET,ATL,0,0,0,0,ATL,TB,TB
QB,Jarrett Stidham (30330613),Jarrett Stidham,30330613,QB,4600,GB@DEN 10/22/2023 04:25PM ET,DEN,0,0,0,0,GB,DEN,GB
QB,Blaine Gabbert (30330617),Blaine Gabbert,30330617,QB,4600,LAC@KC 10/22/2023 04:25PM ET,KC,-0.86,0,0,0,LAC,KC,LAC
QB,Nathan Peterman (30330621),Nathan Peterman,30330621,QB,4500,LV@CHI 10/22/2023 01:00PM ET,CHI,0,0,0,0,LV,CHI,LV
RB,Travis Homer (30330722),Travis Homer,30330722,RB/FLEX,4500,LV@CHI 10/22/2023 01:00PM ET,CHI,0,0,0,0,LV,CHI,LV
WR,Josh Downs (30330926),Josh Downs,30330926,WR/FLEX,4500,CLE@IND 10/22/2023 01:00PM ET,IND,10.27,9.426666667,3.206666667,8.405,CLE,IND,CLE
QB,Bailey Zappe (30330620),Bailey Zappe,30330620,QB,4500,BUF@NE 10/22/2023 01:00PM ET,NE,1.58,0,0,0,BUF,NE,BUF
QB,Kyle Trask (30330619),Kyle Trask,30330619,QB,4500,ATL@TB 10/22/2023 01:00PM ET,TB,0,0,0,0,ATL,TB,ATL
RB,Tyler Allgeier (30330720),Tyler Allgeier,30330720,RB/FLEX,4500,ATL@TB 10/22/2023 01:00PM ET,ATL,7.9,8.116666667,0.83,7.725,ATL,TB,TB
RB,Tony Jones Jr. (30330716),Tony Jones Jr.,30330716,RB/FLEX,4500,ARI@SEA 10/22/2023 04:05PM ET,ARI,6.28,0,0,0,ARI,SEA,SEA
RB,Samaje Perine (30330718),Samaje Perine,30330718,RB/FLEX,4500,GB@DEN 10/22/2023 04:25PM ET,DEN,7.03,5.683333333,0.223333333,7.01,GB,DEN,GB
RB,Isaiah Spiller (30330724),Isaiah Spiller,30330724,RB/FLEX,4500,LAC@KC 10/22/2023 04:25PM ET,LAC,1.48,0.496666667,0,0.88,LAC,KC,KC
RB,Devine Ozigbo (30330728),Devine Ozigbo,30330728,RB/FLEX,4400,DET@BAL 10/22/2023 01:00PM ET,DET,2.3,0.903333333,0.013333333,2.005,DET,BAL,BAL
RB,Latavius Murray (30330726),Latavius Murray,30330726,RB/FLEX,4400,BUF@NE 10/22/2023 01:00PM ET,BUF,6.12,7.193333333,0.253333333,8.555,BUF,NE,NE
WR,Kendrick Bourne (30330928),Kendrick Bourne,30330928,WR/FLEX,4400,BUF@NE 10/22/2023 01:00PM ET,NE,11.85,11.07333333,14.03666667,9.165,BUF,NE,BUF
RB,Ke'Shawn Vaughn (30330730),Ke'Shawn Vaughn,30330730,RB/FLEX,4400,ATL@TB 10/22/2023 01:00PM ET,TB,1.27,4.946666667,0.146666667,7.93,ATL,TB,ATL
RB,Ronnie Rivers (30330732),Ronnie Rivers,30330732,RB/FLEX,4400,PIT@LAR 10/22/2023 04:05PM ET,LAR,1.92,0,0,0,PIT,LAR,PIT
RB,Myles Gaskin (30475467),Myles Gaskin,30475467,RB/FLEX,4400,PIT@LAR 10/22/2023 04:05PM ET,LAR,0,1.49,0.046666667,1.34,PIT,LAR,PIT
QB,Clayton Tune (30330622),Clayton Tune,30330622,QB,4400,ARI@SEA 10/22/2023 04:05PM ET,ARI,0,0,0,0,ARI,SEA,SEA
RB,Melvin Gordon III (30330734),Melvin Gordon III,30330734,RB/FLEX,4300,DET@BAL 10/22/2023 01:00PM ET,BAL,6.45,0,0,0,DET,BAL,DET
WR,Josh Reynolds (30330932),Josh Reynolds,30330932,WR/FLEX,4300,DET@BAL 10/22/2023 01:00PM ET,DET,11.85,7.283333333,0.5,7.825,DET,BAL,BAL
RB,Robert Burns (30330738),Robert Burns,30330738,RB/FLEX,4300,LV@CHI 10/22/2023 01:00PM ET,CHI,0,0,0,0,LV,CHI,LV
RB,Sean Tucker (30330736),Sean Tucker,30330736,RB/FLEX,4300,ATL@TB 10/22/2023 01:00PM ET,TB,1.04,0.416666667,0.016666667,0.565,ATL,TB,ATL
WR,Tutu Atwell (30330930),Tutu Atwell,30330930,WR/FLEX,4300,PIT@LAR 10/22/2023 04:05PM ET,LAR,12.27,7.75,1.603333333,8.735,PIT,LAR,PIT
RB,Zach Charbonnet (30330740),Zach Charbonnet,30330740,RB/FLEX,4300,ARI@SEA 10/22/2023 04:05PM ET,SEA,4.1,6.133333333,0.416666667,7,ARI,SEA,ARI
TE,Cole Kmet (30331252),Cole Kmet,30331252,TE/FLEX,4200,LV@CHI 10/22/2023 01:00PM ET,CHI,11.18,8.4,2.29,8.615,LV,CHI,LV
RB,Pierre Strong Jr. (30330742),Pierre Strong Jr.,30330742,RB/FLEX,4200,CLE@IND 10/22/2023 01:00PM ET,CLE,2.74,0.416666667,0.013333333,0.375,CLE,IND,IND
WR,Elijah Moore (30330934),Elijah Moore,30330934,WR/FLEX,4200,CLE@IND 10/22/2023 01:00PM ET,CLE,7.56,10.37,7.156666667,11.34,CLE,IND,IND
DST,Bills  (30331464),Bills ,30331464,DST,4200,BUF@NE 10/22/2023 01:00PM ET,BUF,12,9.626666667,6.063333333,6.595,BUF,NE,NE
QB,Mason Rudolph (30330623),Mason Rudolph,30330623,QB,4200,PIT@LAR 10/22/2023 04:05PM ET,PIT,0,0,0,0,PIT,LAR,LAR
RB,Clyde Edwards-Helaire (30330744),Clyde Edwards-Helaire,30330744,RB/FLEX,4200,LAC@KC 10/22/2023 04:25PM ET,KC,4.27,3.583333333,0.053333333,8.295,LAC,KC,LAC
RB,Kenyan Drake (30330746),Kenyan Drake,30330746,RB/FLEX,4100,DET@BAL 10/22/2023 01:00PM ET,BAL,2.05,0,0,0,DET,BAL,DET
TE,Hunter Henry (30331254),Hunter Henry,30331254,TE/FLEX,4100,BUF@NE 10/22/2023 01:00PM ET,NE,8.05,7.063333333,1.473333333,6.92,BUF,NE,BUF
WR,Isaiah Hodgins (30330936),Isaiah Hodgins,30330936,WR/FLEX,4100,WAS@NYG 10/22/2023 01:00PM ET,NYG,4.28,2.853333333,0.096666667,5.375,WAS,NYG,WAS
QB,Sean Clifford (30330624),Sean Clifford,30330624,QB,4100,GB@DEN 10/22/2023 04:25PM ET,GB,0,0,0,0,GB,DEN,DEN
QB,Josh Johnson (30330640),Josh Johnson,30330640,QB,4000,DET@BAL 10/22/2023 01:00PM ET,BAL,0,0,0,0,DET,BAL,DET
QB,Hendon Hooker (30330641),Hendon Hooker,30330641,QB,4000,DET@BAL 10/22/2023 01:00PM ET,DET,0,0,0,0,DET,BAL,BAL
QB,Nate Sudfeld (30330642),Nate Sudfeld,30330642,QB,4000,DET@BAL 10/22/2023 01:00PM ET,DET,0,0,0,0,DET,BAL,BAL
QB,David Blough (30330643),David Blough,30330643,QB,4000,DET@BAL 10/22/2023 01:00PM ET,DET,0,0,0,0,DET,BAL,BAL
RB,Keaton Mitchell (30330858),Keaton Mitchell,30330858,RB/FLEX,4000,DET@BAL 10/22/2023 01:00PM ET,BAL,0,0.756666667,0.016666667,0.855,DET,BAL,DET
RB,J.K. Dobbins (30330860),J.K. Dobbins,30330860,RB/FLEX,4000,DET@BAL 10/22/2023 01:00PM ET,BAL,11.7,0,0,0,DET,BAL,DET
RB,Owen Wright (30330862),Owen Wright,30330862,RB/FLEX,4000,DET@BAL 10/22/2023 01:00PM ET,BAL,0,0,0,0,DET,BAL,DET
RB,Patrick Ricard (30330864),Patrick Ricard,30330864,RB/FLEX,4000,DET@BAL 10/22/2023 01:00PM ET,BAL,0.62,0.373333333,0,0.75,DET,BAL,DET
RB,Zonovan Knight (30330866),Zonovan Knight,30330866,RB/FLEX,4000,DET@BAL 10/22/2023 01:00PM ET,DET,1.55,0,0,0,DET,BAL,BAL
RB,Jason Cabinda (30330868),Jason Cabinda,30330868,RB/FLEX,4000,DET@BAL 10/22/2023 01:00PM ET,DET,0,0,0,0,DET,BAL,BAL
RB,Khalil Herbert (30330750),Khalil Herbert,30330750,RB/FLEX,4000,LV@CHI 10/22/2023 01:00PM ET,CHI,11.1,0,0,0,LV,CHI,LV
RB,Ameer Abdullah (30330842),Ameer Abdullah,30330842,RB/FLEX,4000,LV@CHI 10/22/2023 01:00PM ET,LV,1.83,1.886666667,0.01,2.725,LV,CHI,CHI
RB,Brandon Bolden (30330844),Brandon Bolden,30330844,RB/FLEX,4000,LV@CHI 10/22/2023 01:00PM ET,LV,0,0,0,0,LV,CHI,CHI
RB,Brittain Brown (30330846),Brittain Brown,30330846,RB/FLEX,4000,LV@CHI 10/22/2023 01:00PM ET,LV,0,0,0,0,LV,CHI,CHI
RB,Austin Walter (30330848),Austin Walter,30330848,RB/FLEX,4000,LV@CHI 10/22/2023 01:00PM ET,LV,0,0,0,0,LV,CHI,CHI
RB,Jakob Johnson (30330850),Jakob Johnson,30330850,RB/FLEX,4000,LV@CHI 10/22/2023 01:00PM ET,LV,0.37,0.273333333,0,0.35,LV,CHI,CHI
RB,Sincere McCormick (30330852),Sincere McCormick,30330852,RB/FLEX,4000,LV@CHI 10/22/2023 01:00PM ET,LV,0,0,0,0,LV,CHI,CHI
RB,Darrynton Evans (30330854),Darrynton Evans,30330854,RB/FLEX,4000,LV@CHI 10/22/2023 01:00PM ET,CHI,4.4,2.396666667,0.006666667,3.5,LV,CHI,LV
RB,Khari Blasingame (30330856),Khari Blasingame,30330856,RB/FLEX,4000,LV@CHI 10/22/2023 01:00PM ET,CHI,0.62,0.12,0,0,LV,CHI,LV
QB,Anthony Richardson (30330625),Anthony Richardson,30330625,QB,4000,CLE@IND 10/22/2023 01:00PM ET,IND,18.67,0,0,0,CLE,IND,CLE
QB,Kellen Mond (30330639),Kellen Mond,30330639,QB,4000,CLE@IND 10/22/2023 01:00PM ET,IND,0,0,0,0,CLE,IND,CLE
RB,Deon Jackson (30330752),Deon Jackson,30330752,RB/FLEX,4000,CLE@IND 10/22/2023 01:00PM ET,CLE,2.9,0,0,0,CLE,IND,IND
RB,Trey Sermon (30330834),Trey Sermon,30330834,RB/FLEX,4000,CLE@IND 10/22/2023 01:00PM ET,IND,0.95,0.29,0.013333333,0.04,CLE,IND,CLE
RB,Evan Hull (30330836),Evan Hull,30330836,RB/FLEX,4000,CLE@IND 10/22/2023 01:00PM ET,IND,1.7,0,0,0,CLE,IND,CLE
RB,Tyler Goodson (30330838),Tyler Goodson,30330838,RB/FLEX,4000,CLE@IND 10/22/2023 01:00PM ET,IND,0,0,0,0,CLE,IND,CLE
RB,Nick Chubb (30330840),Nick Chubb,30330840,RB/FLEX,4000,CLE@IND 10/22/2023 01:00PM ET,CLE,13.05,0,0,0,CLE,IND,IND
QB,Will Grier (30330637),Will Grier,30330637,QB,4000,BUF@NE 10/22/2023 01:00PM ET,NE,0,0,0,0,BUF,NE,BUF
QB,Shane Buechele (30330638),Shane Buechele,30330638,QB,4000,BUF@NE 10/22/2023 01:00PM ET,BUF,0,0,0,0,BUF,NE,NE
RB,Kevin Harris (30330824),Kevin Harris,30330824,RB/FLEX,4000,BUF@NE 10/22/2023 01:00PM ET,NE,0,0,0,0,BUF,NE,BUF
RB,Damien Harris (30330826),Damien Harris,30330826,RB/FLEX,4000,BUF@NE 10/22/2023 01:00PM ET,BUF,3.17,0.91,0,0,BUF,NE,NE
RB,Nyheim Hines (30330828),Nyheim Hines,30330828,RB/FLEX,4000,BUF@NE 10/22/2023 01:00PM ET,BUF,0,0,0,0,BUF,NE,NE
RB,Reggie Gilliam (30330830),Reggie Gilliam,30330830,RB/FLEX,4000,BUF@NE 10/22/2023 01:00PM ET,BUF,0.22,0.243333333,0.01,0.385,BUF,NE,NE
RB,Ty Johnson (30330832),Ty Johnson,30330832,RB/FLEX,4000,BUF@NE 10/22/2023 01:00PM ET,BUF,0,0.333333333,0,1.25,BUF,NE,NE
QB,Jake Fromm (30330635),Jake Fromm,30330635,QB,4000,WAS@NYG 10/22/2023 01:00PM ET,WAS,0,0,0,0,WAS,NYG,NYG
QB,Tommy DeVito (30330636),Tommy DeVito,30330636,QB,4000,WAS@NYG 10/22/2023 01:00PM ET,NYG,0,0,0,0,WAS,NYG,WAS
RB,Gary Brightwell (30330754),Gary Brightwell,30330754,RB/FLEX,4000,WAS@NYG 10/22/2023 01:00PM ET,NYG,1.93,0.396666667,0,0,WAS,NYG,WAS
RB,Eric Gray (30330756),Eric Gray,30330756,RB/FLEX,4000,WAS@NYG 10/22/2023 01:00PM ET,NYG,0.63,0.426666667,0,0.695,WAS,NYG,WAS
RB,Chris Rodriguez Jr. (30330816),Chris Rodriguez Jr.,30330816,RB/FLEX,4000,WAS@NYG 10/22/2023 01:00PM ET,WAS,0.75,0.973333333,0,1.64,WAS,NYG,NYG
RB,Derrick Gore (30330818),Derrick Gore,30330818,RB/FLEX,4000,WAS@NYG 10/22/2023 01:00PM ET,WAS,0,0,0,0,WAS,NYG,NYG
RB,Alex Armah (30330820),Alex Armah,30330820,RB/FLEX,4000,WAS@NYG 10/22/2023 01:00PM ET,WAS,0,0,0,0,WAS,NYG,NYG
RB,Chris Myarick (30330822),Chris Myarick,30330822,RB/FLEX,4000,WAS@NYG 10/22/2023 01:00PM ET,NYG,0,0,0,0,WAS,NYG,WAS
WR,Curtis Samuel (30330938),Curtis Samuel,30330938,WR/FLEX,4000,WAS@NYG 10/22/2023 01:00PM ET,WAS,12.58,9.82,9.403333333,9,WAS,NYG,NYG
QB,John Wolford (30330633),John Wolford,30330633,QB,4000,ATL@TB 10/22/2023 01:00PM ET,TB,0,0,0,0,ATL,TB,ATL
QB,Logan Woodside (30330634),Logan Woodside,30330634,QB,4000,ATL@TB 10/22/2023 01:00PM ET,ATL,0,0,0,0,ATL,TB,TB
RB,Chase Edmonds (30330802),Chase Edmonds,30330802,RB/FLEX,4000,ATL@TB 10/22/2023 01:00PM ET,TB,1,0,0,0,ATL,TB,ATL
RB,Patrick Laird (30330804),Patrick Laird,30330804,RB/FLEX,4000,ATL@TB 10/22/2023 01:00PM ET,TB,0,0,0,0,ATL,TB,ATL
RB,Cordarrelle Patterson (30330806),Cordarrelle Patterson,30330806,RB/FLEX,4000,ATL@TB 10/22/2023 01:00PM ET,ATL,1.1,1.253333333,0.006666667,2.175,ATL,TB,TB
RB,Avery Williams (30330808),Avery Williams,30330808,RB/FLEX,4000,ATL@TB 10/22/2023 01:00PM ET,ATL,0,0,0,0,ATL,TB,TB
RB,B.J. Baylor (30330810),B.J. Baylor,30330810,RB/FLEX,4000,ATL@TB 10/22/2023 01:00PM ET,ATL,0,0,0,0,ATL,TB,TB
RB,Keith Smith (30330812),Keith Smith,30330812,RB/FLEX,4000,ATL@TB 10/22/2023 01:00PM ET,ATL,0.63,0.243333333,0,0.4,ATL,TB,TB
RB,Carlos Washington Jr. (30330814),Carlos Washington Jr.,30330814,RB/FLEX,4000,ATL@TB 10/22/2023 01:00PM ET,ATL,0,0,0,0,ATL,TB,TB
TE,Kyle Pitts (30331256),Kyle Pitts,30331256,TE/FLEX,4000,ATL@TB 10/22/2023 01:00PM ET,ATL,8.78,8.206666667,5.146666667,8.095,ATL,TB,TB
QB,Stetson Bennett (30330632),Stetson Bennett,30330632,QB,4000,PIT@LAR 10/22/2023 04:05PM ET,LAR,0,0,0,0,PIT,LAR,PIT
RB,Godwin Igwebuike (30330788),Godwin Igwebuike,30330788,RB/FLEX,4000,PIT@LAR 10/22/2023 04:05PM ET,PIT,0,0,0,0,PIT,LAR,LAR
RB,Anthony McFarland Jr. (30330790),Anthony McFarland Jr.,30330790,RB/FLEX,4000,PIT@LAR 10/22/2023 04:05PM ET,PIT,3.1,0.256666667,0,0.065,PIT,LAR,LAR
RB,Alfonzo Graham (30330792),Alfonzo Graham,30330792,RB/FLEX,4000,PIT@LAR 10/22/2023 04:05PM ET,PIT,0,0,0,0,PIT,LAR,LAR
RB,Jack Colletto (30330794),Jack Colletto,30330794,RB/FLEX,4000,PIT@LAR 10/22/2023 04:05PM ET,PIT,0,0,0,0,PIT,LAR,LAR
RB,Qadree Ollison (30330796),Qadree Ollison,30330796,RB/FLEX,4000,PIT@LAR 10/22/2023 04:05PM ET,PIT,0,0,0,0,PIT,LAR,LAR
RB,Zach Evans (30330798),Zach Evans,30330798,RB/FLEX,4000,PIT@LAR 10/22/2023 04:05PM ET,LAR,0.5,11.08666667,15.29333333,9.185,PIT,LAR,PIT
RB,Royce Freeman (30330800),Royce Freeman,30330800,RB/FLEX,4000,PIT@LAR 10/22/2023 04:05PM ET,LAR,0,6.003333333,0.586666667,6.13,PIT,LAR,PIT
QB,Holton Ahlers (30330630),Holton Ahlers,30330630,QB,4000,ARI@SEA 10/22/2023 04:05PM ET,SEA,0,0,0,0,ARI,SEA,ARI
QB,Jeff Driskel (30330631),Jeff Driskel,30330631,QB,4000,ARI@SEA 10/22/2023 04:05PM ET,ARI,0,0,0,0,ARI,SEA,SEA
RB,James Conner (30330748),James Conner,30330748,RB/FLEX,4000,ARI@SEA 10/22/2023 04:05PM ET,ARI,12.48,0,0,0,ARI,SEA,SEA
RB,DeeJay Dallas (30330776),DeeJay Dallas,30330776,RB/FLEX,4000,ARI@SEA 10/22/2023 04:05PM ET,SEA,1.1,1.676666667,0.003333333,3.145,ARI,SEA,ARI
RB,Kenny McIntosh (30330778),Kenny McIntosh,30330778,RB/FLEX,4000,ARI@SEA 10/22/2023 04:05PM ET,SEA,0,0,0,0,ARI,SEA,ARI
RB,SaRodorick Thompson Jr. (30330780),SaRodorick Thompson Jr.,30330780,RB/FLEX,4000,ARI@SEA 10/22/2023 04:05PM ET,SEA,0,0,0,0,ARI,SEA,ARI
RB,Damien Williams (30330782),Damien Williams,30330782,RB/FLEX,4000,ARI@SEA 10/22/2023 04:05PM ET,ARI,5.4,4.296666667,0.06,5.27,ARI,SEA,SEA
RB,Marlon Mack (30330784),Marlon Mack,30330784,RB/FLEX,4000,ARI@SEA 10/22/2023 04:05PM ET,ARI,0,0,0,0,ARI,SEA,SEA
RB,Corey Clement (30330786),Corey Clement,30330786,RB/FLEX,4000,ARI@SEA 10/22/2023 04:05PM ET,ARI,0,0,0,0,ARI,SEA,SEA
QB,Alex McGough (30330628),Alex McGough,30330628,QB,4000,GB@DEN 10/22/2023 04:25PM ET,GB,0,0,0,0,GB,DEN,DEN
QB,Ben DiNucci (30330629),Ben DiNucci,30330629,QB,4000,GB@DEN 10/22/2023 04:25PM ET,DEN,0,0,0,0,GB,DEN,GB
RB,Emanuel Wilson (30330766),Emanuel Wilson,30330766,RB/FLEX,4000,GB@DEN 10/22/2023 04:25PM ET,GB,0.9,0.143333333,0,0,GB,DEN,DEN
RB,Henry Pearson (30330768),Henry Pearson,30330768,RB/FLEX,4000,GB@DEN 10/22/2023 04:25PM ET,GB,0,0,0,0,GB,DEN,DEN
RB,Dwayne Washington (30330770),Dwayne Washington,30330770,RB/FLEX,4000,GB@DEN 10/22/2023 04:25PM ET,DEN,0,0,0,0,GB,DEN,GB
RB,Tyler Badie (30330772),Tyler Badie,30330772,RB/FLEX,4000,GB@DEN 10/22/2023 04:25PM ET,DEN,0,0,0,0,GB,DEN,GB
RB,Michael Burton (30330774),Michael Burton,30330774,RB/FLEX,4000,GB@DEN 10/22/2023 04:25PM ET,DEN,0.63,0.45,0,0.65,GB,DEN,GB
QB,Max Duggan (30330626),Max Duggan,30330626,QB,4000,LAC@KC 10/22/2023 04:25PM ET,LAC,0,0,0,0,LAC,KC,KC
QB,Chris Oladokun (30330627),Chris Oladokun,30330627,QB,4000,LAC@KC 10/22/2023 04:25PM ET,KC,0,0,0,0,LAC,KC,LAC
RB,Elijah Dotson (30330758),Elijah Dotson,30330758,RB/FLEX,4000,LAC@KC 10/22/2023 04:25PM ET,LAC,0.98,0,0,0,LAC,KC,KC
RB,Jaret Patterson (30330760),Jaret Patterson,30330760,RB/FLEX,4000,LAC@KC 10/22/2023 04:25PM ET,LAC,0,0,0,0,LAC,KC,KC
RB,Deneric Prince (30330762),Deneric Prince,30330762,RB/FLEX,4000,LAC@KC 10/22/2023 04:25PM ET,KC,0,0,0,0,LAC,KC,LAC
RB,La'Mical Perine (30330764),La'Mical Perine,30330764,RB/FLEX,4000,LAC@KC 10/22/2023 04:25PM ET,KC,0,0,0,0,LAC,KC,LAC
WR,Odell Beckham Jr. (30330942),Odell Beckham Jr.,30330942,WR/FLEX,3900,DET@BAL 10/22/2023 01:00PM ET,BAL,5.08,5.626666667,0.64,6.955,DET,BAL,DET
TE,Pat Freiermuth (30331258),Pat Freiermuth,30331258,TE/FLEX,3900,PIT@LAR 10/22/2023 04:05PM ET,PIT,6.32,7.513333333,2.923333333,15.67,PIT,LAR,LAR
DST,Rams  (30331465),Rams ,30331465,DST,3900,PIT@LAR 10/22/2023 04:05PM ET,LAR,4.67,7.28,1.293333333,6.575,PIT,LAR,PIT
WR,Jaxon Smith-Njigba (30330940),Jaxon Smith-Njigba,30330940,WR/FLEX,3900,ARI@SEA 10/22/2023 04:05PM ET,SEA,5.4,8.67,4.2,8.425,ARI,SEA,ARI
WR,Jameson Williams (30330946),Jameson Williams,30330946,WR/FLEX,3800,DET@BAL 10/22/2023 01:00PM ET,DET,7.75,4.603333333,0.46,7.295,DET,BAL,BAL
DST,Raiders  (30331466),Raiders ,30331466,DST,3800,LV@CHI 10/22/2023 01:00PM ET,LV,4.5,8.223333333,3.353333333,6.565,LV,CHI,CHI
WR,Wan'Dale Robinson (30330952),Wan'Dale Robinson,30330952,WR/FLEX,3800,WAS@NYG 10/22/2023 01:00PM ET,NYG,9.22,9.806666667,12.54333333,8.785,WAS,NYG,WAS
WR,Michael Wilson (30330950),Michael Wilson,30330950,WR/FLEX,3800,ARI@SEA 10/22/2023 04:05PM ET,ARI,10.28,7.666666667,2.85,8.63,ARI,SEA,SEA
WR,Kadarius Toney (30330944),Kadarius Toney,30330944,WR/FLEX,3800,LAC@KC 10/22/2023 04:25PM ET,KC,5.33,8.633333333,3.263333333,7.725,LAC,KC,LAC
WR,Quentin Johnston (30330948),Quentin Johnston,30330948,WR/FLEX,3800,LAC@KC 10/22/2023 04:25PM ET,LAC,2.08,5.713333333,0.226666667,5.61,LAC,KC,KC
TE,Gerald Everett (30331260),Gerald Everett,30331260,TE/FLEX,3800,LAC@KC 10/22/2023 04:25PM ET,LAC,6.94,6.943333333,2.313333333,7.635,LAC,KC,KC
WR,Darius Slayton (30330954),Darius Slayton,30330954,WR/FLEX,3700,WAS@NYG 10/22/2023 01:00PM ET,NYG,6.77,7.553333333,1.306666667,10.27,WAS,NYG,WAS
TE,Tyler Higbee (30331262),Tyler Higbee,30331262,TE/FLEX,3700,PIT@LAR 10/22/2023 04:05PM ET,LAR,7.23,7.726666667,4.536666667,7.185,PIT,LAR,PIT
WR,Jayden Reed (30330956),Jayden Reed,30330956,WR/FLEX,3700,GB@DEN 10/22/2023 04:25PM ET,GB,9.56,7.963333333,2.033333333,9.34,GB,DEN,DEN
DST,Packers  (30331467),Packers ,30331467,DST,3700,GB@DEN 10/22/2023 04:25PM ET,GB,7,7.286666667,1.243333333,7.59,GB,DEN,DEN
WR,Rashod Bateman (30330960),Rashod Bateman,30330960,WR/FLEX,3600,DET@BAL 10/22/2023 01:00PM ET,BAL,3.64,4.606666667,0.116666667,6.1,DET,BAL,DET
WR,Trey Palmer (30330964),Trey Palmer,30330964,WR/FLEX,3600,ATL@TB 10/22/2023 01:00PM ET,TB,5.78,5.92,1.44,8.74,ATL,TB,ATL
TE,Jonnu Smith (30331264),Jonnu Smith,30331264,TE/FLEX,3600,ATL@TB 10/22/2023 01:00PM ET,ATL,9.7,7.68,3.86,7.375,ATL,TB,TB
DST,Buccaneers  (30331468),Buccaneers ,30331468,DST,3600,ATL@TB 10/22/2023 01:00PM ET,TB,9.6,8.113333333,3.74,6.205,ATL,TB,ATL
WR,Allen Robinson II (30330958),Allen Robinson II,30330958,WR/FLEX,3600,PIT@LAR 10/22/2023 04:05PM ET,PIT,6.14,6.03,0.343333333,6.265,PIT,LAR,LAR
WR,Marvin Mims Jr. (30330962),Marvin Mims Jr.,30330962,WR/FLEX,3600,GB@DEN 10/22/2023 04:25PM ET,DEN,8.32,4.536666667,0.103333333,6.84,GB,DEN,GB
WR,Darnell Mooney (30330972),Darnell Mooney,30330972,WR/FLEX,3500,LV@CHI 10/22/2023 01:00PM ET,CHI,5.2,5.45,0.24,7.57,LV,CHI,LV
TE,Logan Thomas (30331266),Logan Thomas,30331266,TE/FLEX,3500,WAS@NYG 10/22/2023 01:00PM ET,WAS,9.74,7.706666667,5.17,7.595,WAS,NYG,NYG
DST,Commanders  (30331469),Commanders ,30331469,DST,3500,WAS@NYG 10/22/2023 01:00PM ET,WAS,5.5,8.19,5.253333333,6.92,WAS,NYG,NYG
WR,Van Jefferson (30330966),Van Jefferson,30330966,WR/FLEX,3500,ATL@TB 10/22/2023 01:00PM ET,ATL,3.2,2.473333333,0.013333333,4.125,ATL,TB,TB
WR,Rondale Moore (30330970),Rondale Moore,30330970,WR/FLEX,3500,ARI@SEA 10/22/2023 04:05PM ET,ARI,7.22,8.076666667,3.563333333,7.34,ARI,SEA,SEA
WR,Skyy Moore (30330968),Skyy Moore,30330968,WR/FLEX,3500,LAC@KC 10/22/2023 04:25PM ET,KC,5.63,6.153333333,0.893333333,7.935,LAC,KC,LAC
WR,Nelson Agholor (30330976),Nelson Agholor,30330976,WR/FLEX,3400,DET@BAL 10/22/2023 01:00PM ET,BAL,7.17,5.77,0.563333333,6.59,DET,BAL,DET
WR,Kalif Raymond (30330978),Kalif Raymond,30330978,WR/FLEX,3400,DET@BAL 10/22/2023 01:00PM ET,DET,7.35,4.303333333,0.093333333,6.065,DET,BAL,BAL
TE,David Njoku (30331268),David Njoku,30331268,TE/FLEX,3400,CLE@IND 10/22/2023 01:00PM ET,CLE,6.84,7.393333333,4.893333333,8.985,CLE,IND,IND
DST,Colts  (30331470),Colts ,30331470,DST,3400,CLE@IND 10/22/2023 01:00PM ET,IND,6.17,7.85,3.26,7.455,CLE,IND,CLE
WR,DeVante Parker (30330980),DeVante Parker,30330980,WR/FLEX,3400,BUF@NE 10/22/2023 01:00PM ET,NE,5.32,6.733333333,1.096666667,7.225,BUF,NE,BUF
WR,Mack Hollins (30330974),Mack Hollins,30330974,WR/FLEX,3400,ATL@TB 10/22/2023 01:00PM ET,ATL,5.07,2.803333333,0.123333333,4.3,ATL,TB,TB
WR,Alec Pierce (30330984),Alec Pierce,30330984,WR/FLEX,3300,CLE@IND 10/22/2023 01:00PM ET,IND,4.32,5.28,0.206666667,7.54,CLE,IND,CLE
DST,Browns  (30331471),Browns ,30331471,DST,3300,CLE@IND 10/22/2023 01:00PM ET,CLE,7.6,8,8.486666667,6.23,CLE,IND,IND
WR,Calvin Austin III (30330982),Calvin Austin III,30330982,WR/FLEX,3300,PIT@LAR 10/22/2023 04:05PM ET,PIT,6.52,3.166666667,0.053333333,4.26,PIT,LAR,LAR
TE,Luke Musgrave (30331270),Luke Musgrave,30331270,TE/FLEX,3300,GB@DEN 10/22/2023 04:25PM ET,GB,6.78,9.293333333,16.12,8.905,GB,DEN,DEN
WR,Derius Davis (30330986),Derius Davis,30330986,WR/FLEX,3300,LAC@KC 10/22/2023 04:25PM ET,LAC,2.5,1.056666667,0.016666667,2.07,LAC,KC,KC
WR,Donovan Peoples-Jones (30330988),Donovan Peoples-Jones,30330988,WR/FLEX,3200,CLE@IND 10/22/2023 01:00PM ET,CLE,2.7,5.323333333,0.153333333,10.305,CLE,IND,IND
WR,JuJu Smith-Schuster (30330992),JuJu Smith-Schuster,30330992,WR/FLEX,3200,BUF@NE 10/22/2023 01:00PM ET,NE,4.52,5.66,0.446666667,6.24,BUF,NE,BUF
WR,Jake Bobo (30330994),Jake Bobo,30330994,WR/FLEX,3200,ARI@SEA 10/22/2023 04:05PM ET,SEA,3.02,2.583333333,0.023333333,3.8,ARI,SEA,ARI
TE,Zach Ertz (30331272),Zach Ertz,30331272,TE/FLEX,3200,ARI@SEA 10/22/2023 04:05PM ET,ARI,7.8,7.88,8.423333333,7.415,ARI,SEA,SEA
DST,Seahawks  (30331472),Seahawks ,30331472,DST,3200,ARI@SEA 10/22/2023 04:05PM ET,SEA,10.6,8.22,9.733333333,6.145,ARI,SEA,ARI
WR,Marquez Valdes-Scantling (30330990),Marquez Valdes-Scantling,30330990,WR/FLEX,3200,LAC@KC 10/22/2023 04:25PM ET,KC,3.1,4.49,0.513333333,8.84,LAC,KC,LAC
WR,Mecole Hardman Jr. (30417859),Mecole Hardman Jr.,30417859,WR/FLEX,3200,LAC@KC 10/22/2023 04:25PM ET,KC,0.32,0,0,0,LAC,KC,LAC
WR,Hunter Renfrow (30330996),Hunter Renfrow,30330996,WR/FLEX,3100,LV@CHI 10/22/2023 01:00PM ET,LV,1.98,1.553333333,0.016666667,2.41,LV,CHI,CHI
WR,Khalil Shakir (30330998),Khalil Shakir,30330998,WR/FLEX,3100,BUF@NE 10/22/2023 01:00PM ET,BUF,2.33,1.686666667,0.006666667,2.7,BUF,NE,NE
TE,Dalton Kincaid (30331274),Dalton Kincaid,30331274,TE/FLEX,3100,BUF@NE 10/22/2023 01:00PM ET,BUF,5.76,4.41,2.3,6.82,BUF,NE,NE
DST,Steelers  (30331473),Steelers ,30331473,DST,3100,PIT@LAR 10/22/2023 04:05PM ET,PIT,11.6,6.993333333,3.61,6.125,PIT,LAR,LAR
WR,Devin Duvernay (30331224),Devin Duvernay,30331224,WR/FLEX,3000,DET@BAL 10/22/2023 01:00PM ET,BAL,0.72,1.063333333,0.006666667,1.47,DET,BAL,DET
WR,Tylan Wallace (30331226),Tylan Wallace,30331226,WR/FLEX,3000,DET@BAL 10/22/2023 01:00PM ET,BAL,0,0,0,0,DET,BAL,DET
WR,Sean Ryan (30331228),Sean Ryan,30331228,WR/FLEX,3000,DET@BAL 10/22/2023 01:00PM ET,BAL,0,0,0,0,DET,BAL,DET
WR,Tarik Black (30331230),Tarik Black,30331230,WR/FLEX,3000,DET@BAL 10/22/2023 01:00PM ET,BAL,0,0,0,0,DET,BAL,DET
WR,Laquon Treadwell (30331232),Laquon Treadwell,30331232,WR/FLEX,3000,DET@BAL 10/22/2023 01:00PM ET,BAL,0,0,0,0,DET,BAL,DET
WR,Marvin Jones Jr. (30331234),Marvin Jones Jr.,30331234,WR/FLEX,3000,DET@BAL 10/22/2023 01:00PM ET,DET,1.25,1.836666667,0.013333333,2.42,DET,BAL,BAL
WR,Antoine Green (30331236),Antoine Green,30331236,WR/FLEX,3000,DET@BAL 10/22/2023 01:00PM ET,DET,0.24,0.093333333,0.016666667,0.05,DET,BAL,BAL
WR,Dylan Drummond (30331238),Dylan Drummond,30331238,WR/FLEX,3000,DET@BAL 10/22/2023 01:00PM ET,DET,0,0,0,0,DET,BAL,BAL
WR,Daurice Fountain (30331240),Daurice Fountain,30331240,WR/FLEX,3000,DET@BAL 10/22/2023 01:00PM ET,DET,0,0,0,0,DET,BAL,BAL
WR,Maurice Alexander (30331242),Maurice Alexander,30331242,WR/FLEX,3000,DET@BAL 10/22/2023 01:00PM ET,DET,0,0,0,0,DET,BAL,BAL
WR,Tre Tucker (30331200),Tre Tucker,30331200,WR/FLEX,3000,LV@CHI 10/22/2023 01:00PM ET,LV,2.62,2.166666667,0.366666667,7.235,LV,CHI,CHI
WR,DeAndre Carter (30331202),DeAndre Carter,30331202,WR/FLEX,3000,LV@CHI 10/22/2023 01:00PM ET,LV,0.73,0.963333333,0.016666667,1.72,LV,CHI,CHI
WR,Kristian Wilkerson (30331204),Kristian Wilkerson,30331204,WR/FLEX,3000,LV@CHI 10/22/2023 01:00PM ET,LV,0,0,0,0,LV,CHI,CHI
WR,Malik Flowers (30331206),Malik Flowers,30331206,WR/FLEX,3000,LV@CHI 10/22/2023 01:00PM ET,LV,0,0,0,0,LV,CHI,CHI
WR,Keelan Cole Sr. (30331208),Keelan Cole Sr.,30331208,WR/FLEX,3000,LV@CHI 10/22/2023 01:00PM ET,LV,0,0,0,0,LV,CHI,CHI
WR,Tyler Scott (30331210),Tyler Scott,30331210,WR/FLEX,3000,LV@CHI 10/22/2023 01:00PM ET,CHI,1.68,3.79,0.153333333,5.845,LV,CHI,LV
WR,Velus Jones Jr. (30331212),Velus Jones Jr.,30331212,WR/FLEX,3000,LV@CHI 10/22/2023 01:00PM ET,CHI,0.74,0.63,0.01,1.465,LV,CHI,LV
WR,Trent Taylor (30331214),Trent Taylor,30331214,WR/FLEX,3000,LV@CHI 10/22/2023 01:00PM ET,CHI,0,0.313333333,0.016666667,0.63,LV,CHI,LV
WR,Equanimeous St. Brown (30331216),Equanimeous St. Brown,30331216,WR/FLEX,3000,LV@CHI 10/22/2023 01:00PM ET,CHI,1.55,0,0,0,LV,CHI,LV
WR,Joe Reed (30331218),Joe Reed,30331218,WR/FLEX,3000,LV@CHI 10/22/2023 01:00PM ET,CHI,0,0,0,0,LV,CHI,LV
WR,Collin Johnson (30331220),Collin Johnson,30331220,WR/FLEX,3000,LV@CHI 10/22/2023 01:00PM ET,CHI,0,0,0,0,LV,CHI,LV
WR,Nsimba Webster (30331222),Nsimba Webster,30331222,WR/FLEX,3000,LV@CHI 10/22/2023 01:00PM ET,CHI,0,0,0,0,LV,CHI,LV
WR,Isaiah McKenzie (30331172),Isaiah McKenzie,30331172,WR/FLEX,3000,CLE@IND 10/22/2023 01:00PM ET,IND,1.55,1.02,0,1.86,CLE,IND,CLE
WR,Amari Rodgers (30331174),Amari Rodgers,30331174,WR/FLEX,3000,CLE@IND 10/22/2023 01:00PM ET,IND,0,0.83,0,1.66,CLE,IND,CLE
WR,Ashton Dulin (30331176),Ashton Dulin,30331176,WR/FLEX,3000,CLE@IND 10/22/2023 01:00PM ET,IND,0,0,0,0,CLE,IND,CLE
WR,KJ Hamler (30331178),KJ Hamler,30331178,WR/FLEX,3000,CLE@IND 10/22/2023 01:00PM ET,IND,0,0,0,0,CLE,IND,CLE
WR,D.J. Montgomery (30331180),D.J. Montgomery,30331180,WR/FLEX,3000,CLE@IND 10/22/2023 01:00PM ET,IND,0,0,0,0,CLE,IND,CLE
WR,Racey McMath (30331182),Racey McMath,30331182,WR/FLEX,3000,CLE@IND 10/22/2023 01:00PM ET,IND,0,0,0,0,CLE,IND,CLE
WR,Anthony Miller (30331184),Anthony Miller,30331184,WR/FLEX,3000,CLE@IND 10/22/2023 01:00PM ET,IND,0,0,0,0,CLE,IND,CLE
WR,Cedric Tillman (30331186),Cedric Tillman,30331186,WR/FLEX,3000,CLE@IND 10/22/2023 01:00PM ET,CLE,0.38,0.566666667,0.016666667,0.85,CLE,IND,IND
WR,David Bell (30331188),David Bell,30331188,WR/FLEX,3000,CLE@IND 10/22/2023 01:00PM ET,CLE,1.46,1.013333333,0,1.815,CLE,IND,IND
WR,Marquise Goodwin (30331190),Marquise Goodwin,30331190,WR/FLEX,3000,CLE@IND 10/22/2023 01:00PM ET,CLE,0.9,1.34,0.01,2.565,CLE,IND,IND
WR,Jaelon Darden (30331192),Jaelon Darden,30331192,WR/FLEX,3000,CLE@IND 10/22/2023 01:00PM ET,CLE,0,0,0,0,CLE,IND,IND
WR,Jakeem Grant Sr. (30331194),Jakeem Grant Sr.,30331194,WR/FLEX,3000,CLE@IND 10/22/2023 01:00PM ET,CLE,0,0,0,0,CLE,IND,IND
WR,Michael Woods II (30331196),Michael Woods II,30331196,WR/FLEX,3000,CLE@IND 10/22/2023 01:00PM ET,CLE,0,0,0,0,CLE,IND,IND
WR,Austin Watkins Jr. (30331198),Austin Watkins Jr.,30331198,WR/FLEX,3000,CLE@IND 10/22/2023 01:00PM ET,CLE,0,0,0,0,CLE,IND,IND
TE,Kylen Granson (30331276),Kylen Granson,30331276,TE/FLEX,3000,CLE@IND 10/22/2023 01:00PM ET,IND,6.5,3.69,0.666666667,3.25,CLE,IND,CLE
WR,Ty Montgomery II (30331144),Ty Montgomery II,30331144,WR/FLEX,3000,BUF@NE 10/22/2023 01:00PM ET,NE,1.17,1.123333333,0,1.825,BUF,NE,BUF
WR,Demario Douglas (30331146),Demario Douglas,30331146,WR/FLEX,3000,BUF@NE 10/22/2023 01:00PM ET,NE,4.76,2.836666667,0.026666667,5.76,BUF,NE,BUF
WR,Tyquan Thornton (30331148),Tyquan Thornton,30331148,WR/FLEX,3000,BUF@NE 10/22/2023 01:00PM ET,NE,1.6,1.176666667,0.023333333,3.66,BUF,NE,BUF
WR,Jalen Reagor (30331150),Jalen Reagor,30331150,WR/FLEX,3000,BUF@NE 10/22/2023 01:00PM ET,NE,0,0,0,0,BUF,NE,BUF
WR,Kayshon Boutte (30331152),Kayshon Boutte,30331152,WR/FLEX,3000,BUF@NE 10/22/2023 01:00PM ET,NE,0,0,0,0,BUF,NE,BUF
WR,Matthew Slater (30331154),Matthew Slater,30331154,WR/FLEX,3000,BUF@NE 10/22/2023 01:00PM ET,NE,0,0,0,0,BUF,NE,BUF
WR,Tre Nixon (30331156),Tre Nixon,30331156,WR/FLEX,3000,BUF@NE 10/22/2023 01:00PM ET,NE,0,0,0,0,BUF,NE,BUF
WR,T.J. Luther (30331158),T.J. Luther,30331158,WR/FLEX,3000,BUF@NE 10/22/2023 01:00PM ET,NE,0,0,0,0,BUF,NE,BUF
WR,Deonte Harty (30331160),Deonte Harty,30331160,WR/FLEX,3000,BUF@NE 10/22/2023 01:00PM ET,BUF,4.75,4.126666667,0.16,7.165,BUF,NE,NE
WR,Trent Sherfield (30331162),Trent Sherfield,30331162,WR/FLEX,3000,BUF@NE 10/22/2023 01:00PM ET,BUF,1.48,2.536666667,0.023333333,3.53,BUF,NE,NE
WR,Justin Shorter (30331164),Justin Shorter,30331164,WR/FLEX,3000,BUF@NE 10/22/2023 01:00PM ET,BUF,0,0,0,0,BUF,NE,NE
WR,Tyrell Shavers (30331166),Tyrell Shavers,30331166,WR/FLEX,3000,BUF@NE 10/22/2023 01:00PM ET,BUF,0,0,0,0,BUF,NE,NE
WR,Andy Isabella (30331168),Andy Isabella,30331168,WR/FLEX,3000,BUF@NE 10/22/2023 01:00PM ET,BUF,0,0,0,0,BUF,NE,NE
WR,Bryan Thompson (30331170),Bryan Thompson,30331170,WR/FLEX,3000,BUF@NE 10/22/2023 01:00PM ET,BUF,0,0,0,0,BUF,NE,NE
WR,Jalin Hyatt (30331000),Jalin Hyatt,30331000,WR/FLEX,3000,WAS@NYG 10/22/2023 01:00PM ET,NYG,3.17,4.606666667,0.15,5.93,WAS,NYG,WAS
WR,Parris Campbell (30331004),Parris Campbell,30331004,WR/FLEX,3000,WAS@NYG 10/22/2023 01:00PM ET,NYG,4.08,1.586666667,0.016666667,2.675,WAS,NYG,WAS
WR,Dyami Brown (30331122),Dyami Brown,30331122,WR/FLEX,3000,WAS@NYG 10/22/2023 01:00PM ET,WAS,2.45,2.786666667,0.026666667,4.165,WAS,NYG,NYG
WR,Byron Pringle (30331124),Byron Pringle,30331124,WR/FLEX,3000,WAS@NYG 10/22/2023 01:00PM ET,WAS,0.98,1.03,0.01,1.8,WAS,NYG,NYG
WR,Jamison Crowder (30331126),Jamison Crowder,30331126,WR/FLEX,3000,WAS@NYG 10/22/2023 01:00PM ET,WAS,0.68,0.223333333,0,0.4,WAS,NYG,NYG
WR,Mitchell Tinsley (30331128),Mitchell Tinsley,30331128,WR/FLEX,3000,WAS@NYG 10/22/2023 01:00PM ET,WAS,0,0,0,0,WAS,NYG,NYG
WR,Dax Milne (30331130),Dax Milne,30331130,WR/FLEX,3000,WAS@NYG 10/22/2023 01:00PM ET,WAS,0,0,0,0,WAS,NYG,NYG
WR,Brycen Tremayne (30331132),Brycen Tremayne,30331132,WR/FLEX,3000,WAS@NYG 10/22/2023 01:00PM ET,WAS,0,0,0,0,WAS,NYG,NYG
WR,Kazmeir Allen (30331134),Kazmeir Allen,30331134,WR/FLEX,3000,WAS@NYG 10/22/2023 01:00PM ET,WAS,0,0,0,0,WAS,NYG,NYG
WR,Sterling Shepard (30331136),Sterling Shepard,30331136,WR/FLEX,3000,WAS@NYG 10/22/2023 01:00PM ET,NYG,0.88,0.476666667,0.016666667,0.525,WAS,NYG,WAS
WR,Bryce Ford-Wheaton (30331138),Bryce Ford-Wheaton,30331138,WR/FLEX,3000,WAS@NYG 10/22/2023 01:00PM ET,NYG,0,0,0,0,WAS,NYG,WAS
WR,Cole Beasley (30331140),Cole Beasley,30331140,WR/FLEX,3000,WAS@NYG 10/22/2023 01:00PM ET,NYG,0,0,0,0,WAS,NYG,WAS
WR,Dennis Houston (30331142),Dennis Houston,30331142,WR/FLEX,3000,WAS@NYG 10/22/2023 01:00PM ET,NYG,0,0,0,0,WAS,NYG,WAS
DST,Giants  (30331474),Giants ,30331474,DST,3000,WAS@NYG 10/22/2023 01:00PM ET,NYG,3.17,7.99,8.2,7.04,WAS,NYG,WAS
WR,Deven Thompkins (30331006),Deven Thompkins,30331006,WR/FLEX,3000,ATL@TB 10/22/2023 01:00PM ET,TB,4.92,4.533333333,0.12,7.38,ATL,TB,ATL
WR,Rakim Jarrett (30331100),Rakim Jarrett,30331100,WR/FLEX,3000,ATL@TB 10/22/2023 01:00PM ET,TB,0.6,0.48,0.01,1.96,ATL,TB,ATL
WR,Russell Gage (30331102),Russell Gage,30331102,WR/FLEX,3000,ATL@TB 10/22/2023 01:00PM ET,TB,0,0,0,0,ATL,TB,ATL
WR,Cephus Johnson III (30331104),Cephus Johnson III,30331104,WR/FLEX,3000,ATL@TB 10/22/2023 01:00PM ET,TB,0,0,0,0,ATL,TB,ATL
WR,David Moore (30331106),David Moore,30331106,WR/FLEX,3000,ATL@TB 10/22/2023 01:00PM ET,TB,0,0,0,0,ATL,TB,ATL
WR,Ryan Miller (30331108),Ryan Miller,30331108,WR/FLEX,3000,ATL@TB 10/22/2023 01:00PM ET,TB,0,0,0,0,ATL,TB,ATL
WR,KhaDarel Hodge (30331110),KhaDarel Hodge,30331110,WR/FLEX,3000,ATL@TB 10/22/2023 01:00PM ET,ATL,1.42,1.88,0.016666667,2.275,ATL,TB,TB
WR,Scotty Miller (30331112),Scotty Miller,30331112,WR/FLEX,3000,ATL@TB 10/22/2023 01:00PM ET,ATL,0.73,1.593333333,0.01,3.12,ATL,TB,TB
WR,Josh Ali (30331114),Josh Ali,30331114,WR/FLEX,3000,ATL@TB 10/22/2023 01:00PM ET,ATL,0,0,0,0,ATL,TB,TB
WR,Chris Blair (30331116),Chris Blair,30331116,WR/FLEX,3000,ATL@TB 10/22/2023 01:00PM ET,ATL,0,0,0,0,ATL,TB,TB
WR,Frank Darby (30331118),Frank Darby,30331118,WR/FLEX,3000,ATL@TB 10/22/2023 01:00PM ET,ATL,0,0,0,0,ATL,TB,TB
WR,Keilahn Harris (30331120),Keilahn Harris,30331120,WR/FLEX,3000,ATL@TB 10/22/2023 01:00PM ET,ATL,0,0,0,0,ATL,TB,TB
WR,Miles Boykin (30331080),Miles Boykin,30331080,WR/FLEX,3000,PIT@LAR 10/22/2023 04:05PM ET,PIT,0.3,0.343333333,0.016666667,0.4,PIT,LAR,LAR
WR,Gunner Olszewski (30331082),Gunner Olszewski,30331082,WR/FLEX,3000,PIT@LAR 10/22/2023 04:05PM ET,PIT,-0.5,0,0,0,PIT,LAR,LAR
WR,Duece Watts (30331084),Duece Watts,30331084,WR/FLEX,3000,PIT@LAR 10/22/2023 04:05PM ET,PIT,0,0,0,0,PIT,LAR,LAR
WR,Dez Fitzpatrick (30331086),Dez Fitzpatrick,30331086,WR/FLEX,3000,PIT@LAR 10/22/2023 04:05PM ET,PIT,0,0,0,0,PIT,LAR,LAR
WR,Denzel Mims (30331088),Denzel Mims,30331088,WR/FLEX,3000,PIT@LAR 10/22/2023 04:05PM ET,PIT,0,0,0,0,PIT,LAR,LAR
WR,Ben Skowronek (30331090),Ben Skowronek,30331090,WR/FLEX,3000,PIT@LAR 10/22/2023 04:05PM ET,LAR,0.73,0.776666667,0.02,1.15,PIT,LAR,PIT
WR,Demarcus Robinson (30331092),Demarcus Robinson,30331092,WR/FLEX,3000,PIT@LAR 10/22/2023 04:05PM ET,LAR,0,0.14,0.01,0.115,PIT,LAR,PIT
WR,Austin Trammell (30331094),Austin Trammell,30331094,WR/FLEX,3000,PIT@LAR 10/22/2023 04:05PM ET,LAR,-0.2,0.373333333,0.006666667,0.51,PIT,LAR,PIT
WR,Xavier Smith (30331096),Xavier Smith,30331096,WR/FLEX,3000,PIT@LAR 10/22/2023 04:05PM ET,LAR,0,0,0,0,PIT,LAR,PIT
WR,Tyler Johnson (30331098),Tyler Johnson,30331098,WR/FLEX,3000,PIT@LAR 10/22/2023 04:05PM ET,LAR,0,0,0,0,PIT,LAR,PIT
WR,Cody Thompson (30331058),Cody Thompson,30331058,WR/FLEX,3000,ARI@SEA 10/22/2023 04:05PM ET,SEA,0.4,0.136666667,0,0.505,ARI,SEA,ARI
WR,Dee Eskridge (30331060),Dee Eskridge,30331060,WR/FLEX,3000,ARI@SEA 10/22/2023 04:05PM ET,SEA,0,0,0,0,ARI,SEA,ARI
WR,Dareke Young (30331062),Dareke Young,30331062,WR/FLEX,3000,ARI@SEA 10/22/2023 04:05PM ET,SEA,0,0,0,0,ARI,SEA,ARI
WR,Cade Johnson (30331064),Cade Johnson,30331064,WR/FLEX,3000,ARI@SEA 10/22/2023 04:05PM ET,SEA,0,0,0,0,ARI,SEA,ARI
WR,Easop Winston Jr. (30331066),Easop Winston Jr.,30331066,WR/FLEX,3000,ARI@SEA 10/22/2023 04:05PM ET,SEA,0,0,0,0,ARI,SEA,ARI
WR,Tyjon Lindsey (30331068),Tyjon Lindsey,30331068,WR/FLEX,3000,ARI@SEA 10/22/2023 04:05PM ET,SEA,0,0,0,0,ARI,SEA,ARI
WR,Zach Pascal (30331070),Zach Pascal,30331070,WR/FLEX,3000,ARI@SEA 10/22/2023 04:05PM ET,ARI,0.98,1.24,0.006666667,1.945,ARI,SEA,SEA
WR,Greg Dortch (30331072),Greg Dortch,30331072,WR/FLEX,3000,ARI@SEA 10/22/2023 04:05PM ET,ARI,0,0.77,0,1.505,ARI,SEA,SEA
WR,Andre Baccellia (30331074),Andre Baccellia,30331074,WR/FLEX,3000,ARI@SEA 10/22/2023 04:05PM ET,ARI,0,0,0,0,ARI,SEA,SEA
WR,Kaden Davis (30331076),Kaden Davis,30331076,WR/FLEX,3000,ARI@SEA 10/22/2023 04:05PM ET,ARI,0,0,0,0,ARI,SEA,SEA
WR,Jeff Smith (30331078),Jeff Smith,30331078,WR/FLEX,3000,ARI@SEA 10/22/2023 04:05PM ET,ARI,0,0,0,0,ARI,SEA,SEA
WR,Dontayvion Wicks (30331034),Dontayvion Wicks,30331034,WR/FLEX,3000,GB@DEN 10/22/2023 04:25PM ET,GB,4.5,2.72,0.006666667,3.595,GB,DEN,DEN
WR,Samori Toure (30331036),Samori Toure,30331036,WR/FLEX,3000,GB@DEN 10/22/2023 04:25PM ET,GB,2.38,0.573333333,0,0.8,GB,DEN,DEN
WR,Malik Heath (30331038),Malik Heath,30331038,WR/FLEX,3000,GB@DEN 10/22/2023 04:25PM ET,GB,0,0.04,0.016666667,0.06,GB,DEN,DEN
WR,Bo Melton (30331040),Bo Melton,30331040,WR/FLEX,3000,GB@DEN 10/22/2023 04:25PM ET,GB,0,0,0,0,GB,DEN,DEN
WR,Grant DuBose (30331042),Grant DuBose,30331042,WR/FLEX,3000,GB@DEN 10/22/2023 04:25PM ET,GB,0,0,0,0,GB,DEN,DEN
WR,Brandon Johnson (30331044),Brandon Johnson,30331044,WR/FLEX,3000,GB@DEN 10/22/2023 04:25PM ET,DEN,6.37,3.803333333,0.06,9.415,GB,DEN,GB
WR,Tim Patrick (30331046),Tim Patrick,30331046,WR/FLEX,3000,GB@DEN 10/22/2023 04:25PM ET,DEN,0,0,0,0,GB,DEN,GB
WR,Jalen Virgil (30331048),Jalen Virgil,30331048,WR/FLEX,3000,GB@DEN 10/22/2023 04:25PM ET,DEN,0,0,0,0,GB,DEN,GB
WR,Phillip Dorsett II (30331050),Phillip Dorsett II,30331050,WR/FLEX,3000,GB@DEN 10/22/2023 04:25PM ET,DEN,0,0,0,0,GB,DEN,GB
WR,Tre'Quan Smith (30331052),Tre'Quan Smith,30331052,WR/FLEX,3000,GB@DEN 10/22/2023 04:25PM ET,DEN,0,0,0,0,GB,DEN,GB
WR,Lil'Jordan Humphrey (30331054),Lil'Jordan Humphrey,30331054,WR/FLEX,3000,GB@DEN 10/22/2023 04:25PM ET,DEN,2.1,0.86,0.006666667,1.54,GB,DEN,GB
WR,David Sills V (30331056),David Sills V,30331056,WR/FLEX,3000,GB@DEN 10/22/2023 04:25PM ET,DEN,0,0,0,0,GB,DEN,GB
WR,Justin Watson (30331002),Justin Watson,30331002,WR/FLEX,3000,LAC@KC 10/22/2023 04:25PM ET,KC,5.15,0.94,0,0,LAC,KC,LAC
WR,Simi Fehoko (30331008),Simi Fehoko,30331008,WR/FLEX,3000,LAC@KC 10/22/2023 04:25PM ET,LAC,0,0,0,0,LAC,KC,KC
WR,Jalen Guyton (30331010),Jalen Guyton,30331010,WR/FLEX,3000,LAC@KC 10/22/2023 04:25PM ET,LAC,0,0,0,0,LAC,KC,KC
WR,Mike Williams (30331012),Mike Williams,30331012,WR/FLEX,3000,LAC@KC 10/22/2023 04:25PM ET,LAC,17.73,0,0,0,LAC,KC,KC
WR,Alex Erickson (30331014),Alex Erickson,30331014,WR/FLEX,3000,LAC@KC 10/22/2023 04:25PM ET,LAC,0,0,0,0,LAC,KC,KC
WR,Terrell Bynum (30331016),Terrell Bynum,30331016,WR/FLEX,3000,LAC@KC 10/22/2023 04:25PM ET,LAC,0,0,0,0,LAC,KC,KC
WR,Keelan Doss (30331018),Keelan Doss,30331018,WR/FLEX,3000,LAC@KC 10/22/2023 04:25PM ET,LAC,0,0.816666667,0.01,1.915,LAC,KC,KC
WR,Justyn Ross (30331020),Justyn Ross,30331020,WR/FLEX,3000,LAC@KC 10/22/2023 04:25PM ET,KC,1.07,0.986666667,0.01,1.975,LAC,KC,LAC
WR,Montrell Washington (30331022),Montrell Washington,30331022,WR/FLEX,3000,LAC@KC 10/22/2023 04:25PM ET,KC,0,0,0,0,LAC,KC,LAC
WR,Richie James Jr. (30331024),Richie James Jr.,30331024,WR/FLEX,3000,LAC@KC 10/22/2023 04:25PM ET,KC,0.3,0,0,0,LAC,KC,LAC
WR,Nikko Remigio (30331026),Nikko Remigio,30331026,WR/FLEX,3000,LAC@KC 10/22/2023 04:25PM ET,KC,0,0,0,0,LAC,KC,LAC
WR,Cornell Powell (30331028),Cornell Powell,30331028,WR/FLEX,3000,LAC@KC 10/22/2023 04:25PM ET,KC,0,0,0,0,LAC,KC,LAC
WR,Chase Cota (30331030),Chase Cota,30331030,WR/FLEX,3000,LAC@KC 10/22/2023 04:25PM ET,KC,0,0,0,0,LAC,KC,LAC
WR,Daniel Arias (30331032),Daniel Arias,30331032,WR/FLEX,3000,LAC@KC 10/22/2023 04:25PM ET,KC,0,0,0,0,LAC,KC,LAC
TE,Donald Parham Jr. (30331278),Donald Parham Jr.,30331278,TE/FLEX,3000,LAC@KC 10/22/2023 04:25PM ET,LAC,6.22,4.123333333,0.313333333,7.3,LAC,KC,KC
TE,Noah Gray (30331280),Noah Gray,30331280,TE/FLEX,3000,LAC@KC 10/22/2023 04:25PM ET,KC,5.47,3.983333333,0.313333333,7.405,LAC,KC,LAC
DST,Bears  (30331475),Bears ,30331475,DST,2900,LV@CHI 10/22/2023 01:00PM ET,CHI,3.83,6.823333333,3.756666667,6.54,LV,CHI,LV
TE,Dawson Knox (30331284),Dawson Knox,30331284,TE/FLEX,2900,BUF@NE 10/22/2023 01:00PM ET,BUF,4.87,7.09,5.833333333,8,BUF,NE,NE
TE,Cade Otton (30331282),Cade Otton,30331282,TE/FLEX,2900,ATL@TB 10/22/2023 01:00PM ET,TB,5.88,5.81,2.326666667,6.765,ATL,TB,ATL
DST,Falcons  (30331476),Falcons ,30331476,DST,2800,ATL@TB 10/22/2023 01:00PM ET,ATL,4.17,6.12,2.566666667,6.125,ATL,TB,TB
TE,Noah Fant (30331286),Noah Fant,30331286,TE/FLEX,2800,ARI@SEA 10/22/2023 04:05PM ET,SEA,5.58,5.003333333,0.643333333,7.57,ARI,SEA,ARI
DST,Lions  (30331477),Lions ,30331477,DST,2700,DET@BAL 10/22/2023 01:00PM ET,DET,8.67,6.783333333,6.156666667,6.925,DET,BAL,BAL
TE,Michael Mayer (30331288),Michael Mayer,30331288,TE/FLEX,2700,LV@CHI 10/22/2023 01:00PM ET,LV,3.6,5.933333333,3.55,8.09,LV,CHI,CHI
TE,Mike Gesicki (30331292),Mike Gesicki,30331292,TE/FLEX,2600,BUF@NE 10/22/2023 01:00PM ET,NE,4.9,4.746666667,0.736666667,5.855,BUF,NE,BUF
TE,Will Dissly (30331296),Will Dissly,30331296,TE/FLEX,2600,ARI@SEA 10/22/2023 04:05PM ET,SEA,2.9,2.48,0.02,3.345,ARI,SEA,ARI
TE,Trey McBride (30331298),Trey McBride,30331298,TE/FLEX,2600,ARI@SEA 10/22/2023 04:05PM ET,ARI,4.35,4.943333333,0.976666667,7.035,ARI,SEA,SEA
TE,Josiah Deguara (30331290),Josiah Deguara,30331290,TE/FLEX,2600,GB@DEN 10/22/2023 04:25PM ET,GB,2.56,1.263333333,0.01,1.94,GB,DEN,DEN
TE,Adam Trautman (30331294),Adam Trautman,30331294,TE/FLEX,2600,GB@DEN 10/22/2023 04:25PM ET,DEN,3.73,4.813333333,0.85,8.595,GB,DEN,GB
DST,Broncos  (30331478),Broncos ,30331478,DST,2600,GB@DEN 10/22/2023 04:25PM ET,DEN,5.17,6.093333333,3.356666667,6.23,GB,DEN,GB
TE,Isaiah Likely (30331442),Isaiah Likely,30331442,TE/FLEX,2500,DET@BAL 10/22/2023 01:00PM ET,BAL,1.03,1.25,0.016666667,1.98,DET,BAL,DET
TE,Charlie Kolar (30331444),Charlie Kolar,30331444,TE/FLEX,2500,DET@BAL 10/22/2023 01:00PM ET,BAL,0,0.083333333,0.013333333,0.425,DET,BAL,DET
TE,Travis Vokolek (30331446),Travis Vokolek,30331446,TE/FLEX,2500,DET@BAL 10/22/2023 01:00PM ET,BAL,0,0,0,0,DET,BAL,DET
TE,Tyler Ott (30331448),Tyler Ott,30331448,TE/FLEX,2500,DET@BAL 10/22/2023 01:00PM ET,BAL,0,0,0,0,DET,BAL,DET
TE,Eric Tomlinson (30331450),Eric Tomlinson,30331450,TE/FLEX,2500,DET@BAL 10/22/2023 01:00PM ET,BAL,0,0,0,0,DET,BAL,DET
TE,Brock Wright (30331452),Brock Wright,30331452,TE/FLEX,2500,DET@BAL 10/22/2023 01:00PM ET,DET,1.67,1.9,0.02,3.1,DET,BAL,BAL
TE,James Mitchell (30331454),James Mitchell,30331454,TE/FLEX,2500,DET@BAL 10/22/2023 01:00PM ET,DET,0,0,0,0,DET,BAL,BAL
TE,Darrell Daniels (30331456),Darrell Daniels,30331456,TE/FLEX,2500,DET@BAL 10/22/2023 01:00PM ET,DET,0,0.016666667,0.013333333,0.025,DET,BAL,BAL
TE,Shane Zylstra (30331458),Shane Zylstra,30331458,TE/FLEX,2500,DET@BAL 10/22/2023 01:00PM ET,DET,0,0,0,0,DET,BAL,BAL
TE,Anthony Firkser (30331460),Anthony Firkser,30331460,TE/FLEX,2500,DET@BAL 10/22/2023 01:00PM ET,DET,0,0,0,0,DET,BAL,BAL
DST,Ravens  (30331479),Ravens ,30331479,DST,2500,DET@BAL 10/22/2023 01:00PM ET,BAL,9.17,6.823333333,9.616666667,6.23,DET,BAL,DET
TE,Austin Hooper (30331426),Austin Hooper,30331426,TE/FLEX,2500,LV@CHI 10/22/2023 01:00PM ET,LV,2.68,2.23,0.02,4.13,LV,CHI,CHI
TE,Jesper Horsted (30331428),Jesper Horsted,30331428,TE/FLEX,2500,LV@CHI 10/22/2023 01:00PM ET,LV,0,0.013333333,0.006666667,0.02,LV,CHI,CHI
TE,Noah Togiai (30331430),Noah Togiai,30331430,TE/FLEX,2500,LV@CHI 10/22/2023 01:00PM ET,LV,0,0,0,0,LV,CHI,CHI
TE,Cole Fotheringham (30331432),Cole Fotheringham,30331432,TE/FLEX,2500,LV@CHI 10/22/2023 01:00PM ET,LV,0,0,0,0,LV,CHI,CHI
TE,Robert Tonyan (30331434),Robert Tonyan,30331434,TE/FLEX,2500,LV@CHI 10/22/2023 01:00PM ET,CHI,1.48,2.743333333,0.03,5.69,LV,CHI,LV
TE,Marcedes Lewis (30331436),Marcedes Lewis,30331436,TE/FLEX,2500,LV@CHI 10/22/2023 01:00PM ET,CHI,0.3,0.333333333,0,0.64,LV,CHI,LV
TE,Patrick Scales (30331438),Patrick Scales,30331438,TE/FLEX,2500,LV@CHI 10/22/2023 01:00PM ET,CHI,0,0,0,0,LV,CHI,LV
TE,Stephen Carlson (30331440),Stephen Carlson,30331440,TE/FLEX,2500,LV@CHI 10/22/2023 01:00PM ET,CHI,0,0,0,0,LV,CHI,LV
TE,Mo Alie-Cox (30331412),Mo Alie-Cox,30331412,TE/FLEX,2500,CLE@IND 10/22/2023 01:00PM ET,IND,2.62,1.41,0.013333333,2.1,CLE,IND,CLE
TE,Will Mallory (30331414),Will Mallory,30331414,TE/FLEX,2500,CLE@IND 10/22/2023 01:00PM ET,IND,3.45,1.1,0.073333333,3.805,CLE,IND,CLE
TE,Jelani Woods (30331416),Jelani Woods,30331416,TE/FLEX,2500,CLE@IND 10/22/2023 01:00PM ET,IND,0,0,0,0,CLE,IND,CLE
TE,Jordan Akins (30331418),Jordan Akins,30331418,TE/FLEX,2500,CLE@IND 10/22/2023 01:00PM ET,CLE,1,1.346666667,0.006666667,2.35,CLE,IND,IND
TE,Harrison Bryant (30331420),Harrison Bryant,30331420,TE/FLEX,2500,CLE@IND 10/22/2023 01:00PM ET,CLE,2.06,1.81,0.016666667,2.84,CLE,IND,IND
TE,Devin Asiasi (30331422),Devin Asiasi,30331422,TE/FLEX,2500,CLE@IND 10/22/2023 01:00PM ET,CLE,0,0,0,0,CLE,IND,IND
TE,Zaire Mitchell-Paden (30331424),Zaire Mitchell-Paden,30331424,TE/FLEX,2500,CLE@IND 10/22/2023 01:00PM ET,CLE,0,0,0,0,CLE,IND,IND
TE,Drew Ogletree (30331462),Drew Ogletree,30331462,TE/FLEX,2500,CLE@IND 10/22/2023 01:00PM ET,IND,4.5,3.13,0.343333333,5.365,CLE,IND,CLE
TE,Pharaoh Brown (30331402),Pharaoh Brown,30331402,TE/FLEX,2500,BUF@NE 10/22/2023 01:00PM ET,NE,2.93,0.556666667,0,1.125,BUF,NE,BUF
TE,Matt Sokol (30331404),Matt Sokol,30331404,TE/FLEX,2500,BUF@NE 10/22/2023 01:00PM ET,NE,0,0,0,0,BUF,NE,BUF
TE,Quintin Morris (30331406),Quintin Morris,30331406,TE/FLEX,2500,BUF@NE 10/22/2023 01:00PM ET,BUF,1.42,0.896666667,0,0.68,BUF,NE,NE
TE,Zach Davidson (30331408),Zach Davidson,30331408,TE/FLEX,2500,BUF@NE 10/22/2023 01:00PM ET,BUF,0,0,0,0,BUF,NE,NE
TE,Joel Wilson (30331410),Joel Wilson,30331410,TE/FLEX,2500,BUF@NE 10/22/2023 01:00PM ET,BUF,0,0,0,0,BUF,NE,NE
TE,John Bates (30331380),John Bates,30331380,TE/FLEX,2500,WAS@NYG 10/22/2023 01:00PM ET,WAS,2.72,1.86,0.01,2.795,WAS,NYG,NYG
TE,Cole Turner (30331382),Cole Turner,30331382,TE/FLEX,2500,WAS@NYG 10/22/2023 01:00PM ET,WAS,2.7,1.506666667,0.01,2.4,WAS,NYG,NYG
TE,Curtis Hodges (30331384),Curtis Hodges,30331384,TE/FLEX,2500,WAS@NYG 10/22/2023 01:00PM ET,WAS,0,0,0,0,WAS,NYG,NYG
TE,Kaden Smith (30331386),Kaden Smith,30331386,TE/FLEX,2500,WAS@NYG 10/22/2023 01:00PM ET,WAS,0,0,0,0,WAS,NYG,NYG
TE,Armani Rogers (30331388),Armani Rogers,30331388,TE/FLEX,2500,WAS@NYG 10/22/2023 01:00PM ET,WAS,0,0,0,0,WAS,NYG,NYG
TE,Brandon Dillon (30331390),Brandon Dillon,30331390,TE/FLEX,2500,WAS@NYG 10/22/2023 01:00PM ET,WAS,0,0,0,0,WAS,NYG,NYG
TE,Daniel Bellinger (30331392),Daniel Bellinger,30331392,TE/FLEX,2500,WAS@NYG 10/22/2023 01:00PM ET,NYG,1.03,1.19,0.01,1.965,WAS,NYG,WAS
TE,Lawrence Cager (30331394),Lawrence Cager,30331394,TE/FLEX,2500,WAS@NYG 10/22/2023 01:00PM ET,NYG,0.74,0.243333333,0.013333333,0.45,WAS,NYG,WAS
TE,Tommy Sweeney (30331396),Tommy Sweeney,30331396,TE/FLEX,2500,WAS@NYG 10/22/2023 01:00PM ET,NYG,0,0,0,0,WAS,NYG,WAS
TE,Tyree Jackson (30331398),Tyree Jackson,30331398,TE/FLEX,2500,WAS@NYG 10/22/2023 01:00PM ET,NYG,0,0,0,0,WAS,NYG,WAS
TE,Ryan Jones (30331400),Ryan Jones,30331400,TE/FLEX,2500,WAS@NYG 10/22/2023 01:00PM ET,NYG,0,0,0,0,WAS,NYG,WAS
TE,Ko Kieft (30331364),Ko Kieft,30331364,TE/FLEX,2500,ATL@TB 10/22/2023 01:00PM ET,TB,0,0.6,0,1.27,ATL,TB,ATL
TE,David Wells (30331366),David Wells,30331366,TE/FLEX,2500,ATL@TB 10/22/2023 01:00PM ET,TB,0.25,0.096666667,0,0,ATL,TB,ATL
TE,Payne Durham (30331368),Payne Durham,30331368,TE/FLEX,2500,ATL@TB 10/22/2023 01:00PM ET,TB,1.8,0.443333333,0.013333333,1.215,ATL,TB,ATL
TE,Tanner Taula (30331370),Tanner Taula,30331370,TE/FLEX,2500,ATL@TB 10/22/2023 01:00PM ET,TB,0,0,0,0,ATL,TB,ATL
TE,MyCole Pruitt (30331372),MyCole Pruitt,30331372,TE/FLEX,2500,ATL@TB 10/22/2023 01:00PM ET,ATL,1.18,1.046666667,0.01,1.935,ATL,TB,TB
TE,John FitzPatrick (30331374),John FitzPatrick,30331374,TE/FLEX,2500,ATL@TB 10/22/2023 01:00PM ET,ATL,0,0,0,0,ATL,TB,TB
TE,Feleipe Franks (30331376),Feleipe Franks,30331376,TE/FLEX,2500,ATL@TB 10/22/2023 01:00PM ET,ATL,0,0,0,0,ATL,TB,TB
TE,Tucker Fisk (30331378),Tucker Fisk,30331378,TE/FLEX,2500,ATL@TB 10/22/2023 01:00PM ET,ATL,0,0,0,0,ATL,TB,TB
TE,Darnell Washington (30331346),Darnell Washington,30331346,TE/FLEX,2500,PIT@LAR 10/22/2023 04:05PM ET,PIT,0.4,1.253333333,0.006666667,1.545,PIT,LAR,LAR
TE,Connor Heyward (30331348),Connor Heyward,30331348,TE/FLEX,2500,PIT@LAR 10/22/2023 04:05PM ET,PIT,1.84,1.416666667,0.016666667,3.79,PIT,LAR,LAR
TE,Rodney Williams II (30331350),Rodney Williams II,30331350,TE/FLEX,2500,PIT@LAR 10/22/2023 04:05PM ET,PIT,0,0,0,0,PIT,LAR,LAR
TE,Noah Gindorff (30331352),Noah Gindorff,30331352,TE/FLEX,2500,PIT@LAR 10/22/2023 04:05PM ET,PIT,0,0,0,0,PIT,LAR,LAR
TE,Brycen Hopkins (30331354),Brycen Hopkins,30331354,TE/FLEX,2500,PIT@LAR 10/22/2023 04:05PM ET,LAR,0.77,0.52,0.016666667,1.04,PIT,LAR,PIT
TE,Davis Allen (30331356),Davis Allen,30331356,TE/FLEX,2500,PIT@LAR 10/22/2023 04:05PM ET,LAR,0,0.146666667,0.01,0.47,PIT,LAR,PIT
TE,Hunter Long (30331358),Hunter Long,30331358,TE/FLEX,2500,PIT@LAR 10/22/2023 04:05PM ET,LAR,0,0,0,0,PIT,LAR,PIT
TE,Miller Forristall (30331360),Miller Forristall,30331360,TE/FLEX,2500,PIT@LAR 10/22/2023 04:05PM ET,LAR,0,0,0,0,PIT,LAR,PIT
TE,Nikola Kalinic (30331362),Nikola Kalinic,30331362,TE/FLEX,2500,PIT@LAR 10/22/2023 04:05PM ET,LAR,0,0,0,0,PIT,LAR,PIT
TE,Colby Parkinson (30331334),Colby Parkinson,30331334,TE/FLEX,2500,ARI@SEA 10/22/2023 04:05PM ET,SEA,3.86,4.126666667,0.416666667,7.695,ARI,SEA,ARI
TE,Brady Russell (30331336),Brady Russell,30331336,TE/FLEX,2500,ARI@SEA 10/22/2023 04:05PM ET,SEA,0,0,0,0,ARI,SEA,ARI
TE,Tyler Mabry (30331338),Tyler Mabry,30331338,TE/FLEX,2500,ARI@SEA 10/22/2023 04:05PM ET,SEA,0,0,0,0,ARI,SEA,ARI
TE,Geoff Swaim (30331340),Geoff Swaim,30331340,TE/FLEX,2500,ARI@SEA 10/22/2023 04:05PM ET,ARI,0.7,0.813333333,0.006666667,1.12,ARI,SEA,SEA
TE,Bernhard Seikovits (30331342),Bernhard Seikovits,30331342,TE/FLEX,2500,ARI@SEA 10/22/2023 04:05PM ET,ARI,0,0,0,0,ARI,SEA,SEA
TE,Blake Whiteheart (30331344),Blake Whiteheart,30331344,TE/FLEX,2500,ARI@SEA 10/22/2023 04:05PM ET,ARI,0,0,0,0,ARI,SEA,SEA
TE,Tucker Kraft (30331318),Tucker Kraft,30331318,TE/FLEX,2500,GB@DEN 10/22/2023 04:25PM ET,GB,0.5,1.12,0.013333333,2.045,GB,DEN,DEN
TE,Ben Sims (30331320),Ben Sims,30331320,TE/FLEX,2500,GB@DEN 10/22/2023 04:25PM ET,GB,0.44,0.186666667,0,0.4,GB,DEN,DEN
TE,Tyler Davis (30331322),Tyler Davis,30331322,TE/FLEX,2500,GB@DEN 10/22/2023 04:25PM ET,GB,0,0,0,0,GB,DEN,DEN
TE,Greg Dulcich (30331324),Greg Dulcich,30331324,TE/FLEX,2500,GB@DEN 10/22/2023 04:25PM ET,DEN,2.75,0.92,0,0,GB,DEN,GB
TE,Chris Manhertz (30331326),Chris Manhertz,30331326,TE/FLEX,2500,GB@DEN 10/22/2023 04:25PM ET,DEN,0.33,0.676666667,0.006666667,1.42,GB,DEN,GB
TE,Nate Adkins (30331328),Nate Adkins,30331328,TE/FLEX,2500,GB@DEN 10/22/2023 04:25PM ET,DEN,1.22,0.723333333,0.013333333,2.685,GB,DEN,GB
TE,Lucas Krull (30331330),Lucas Krull,30331330,TE/FLEX,2500,GB@DEN 10/22/2023 04:25PM ET,DEN,0,0,0,0,GB,DEN,GB
TE,Mitchell Fraboni (30331332),Mitchell Fraboni,30331332,TE/FLEX,2500,GB@DEN 10/22/2023 04:25PM ET,DEN,0,0,0,0,GB,DEN,GB
TE,Stone Smartt (30331300),Stone Smartt,30331300,TE/FLEX,2500,LAC@KC 10/22/2023 04:25PM ET,LAC,0.68,0.63,0,0.93,LAC,KC,KC
TE,Tre' McKitty (30331302),Tre' McKitty,30331302,TE/FLEX,2500,LAC@KC 10/22/2023 04:25PM ET,LAC,0,0.216666667,0.013333333,0.425,LAC,KC,KC
TE,Hunter Kampmoyer (30331304),Hunter Kampmoyer,30331304,TE/FLEX,2500,LAC@KC 10/22/2023 04:25PM ET,LAC,0,0,0,0,LAC,KC,KC
TE,Nick Vannett (30331306),Nick Vannett,30331306,TE/FLEX,2500,LAC@KC 10/22/2023 04:25PM ET,LAC,0,0,0,0,LAC,KC,KC
TE,Blake Bell (30331308),Blake Bell,30331308,TE/FLEX,2500,LAC@KC 10/22/2023 04:25PM ET,KC,1.53,0.413333333,0.013333333,0.54,LAC,KC,LAC
TE,Jody Fortson (30331310),Jody Fortson,30331310,TE/FLEX,2500,LAC@KC 10/22/2023 04:25PM ET,KC,0,0,0,0,LAC,KC,LAC
TE,Matt Bushman (30331312),Matt Bushman,30331312,TE/FLEX,2500,LAC@KC 10/22/2023 04:25PM ET,KC,0,0,0,0,LAC,KC,LAC
TE,James Winchester (30331314),James Winchester,30331314,TE/FLEX,2500,LAC@KC 10/22/2023 04:25PM ET,KC,0,0,0,0,LAC,KC,LAC
TE,Gerrit Prince (30331316),Gerrit Prince,30331316,TE/FLEX,2500,LAC@KC 10/22/2023 04:25PM ET,KC,0,0,0,0,LAC,KC,LAC
DST,Chiefs  (30331480),Chiefs ,30331480,DST,2400,LAC@KC 10/22/2023 04:25PM ET,KC,8.33,6.8,9.82,6.385,LAC,KC,LAC
DST,Cardinals  (30331481),Cardinals ,30331481,DST,2300,ARI@SEA 10/22/2023 04:05PM ET,ARI,5.67,5.91,4.466666667,7.55,ARI,SEA,SEA
DST,Chargers  (30331482),Chargers ,30331482,DST,2200,LAC@KC 10/22/2023 04:25PM ET,LAC,7,5.243333333,2.546666667,5.635,LAC,KC,KC
DST,Patriots  (30331483),Patriots ,30331483,DST,2100,BUF@NE 10/22/2023 01:00PM ET,NE,4.5,5.486666667,3.71,5.845,BUF,NE,BUF